name,bodyPart,equipment,target,difficulty,intensity,time_minutes
3/4 sit-up,waist,body weight,abs,Beginner,Low,15
45° side bend,waist,body weight,abs,Beginner,Low,15
air bike,waist,body weight,abs,Beginner,Low,15
all fours squad stretch,upper legs,body weight,quads,Beginner,Moderate,15
alternate heel touchers,waist,body weight,abs,Beginner,Low,15
alternate lateral pulldown,back,cable,lats,Intermediate,Low,15
ankle circles,lower legs,body weight,calves,Beginner,Moderate,15
archer pull up,back,body weight,lats,Beginner,Low,15
archer push up,chest,body weight,pectorals,Beginner,Low,15
arm slingers hanging bent knee legs,waist,body weight,abs,Beginner,Low,15
arm slingers hanging straight legs,waist,body weight,abs,Beginner,Low,15
arms apart circular toe touch (male),upper legs,body weight,glutes,Beginner,Moderate,15
arms overhead full sit-up (male),waist,body weight,abs,Beginner,Low,15
assisted chest dip (kneeling),chest,leverage machine,pectorals,Advanced,Low,15
assisted hanging knee raise,waist,assisted,abs,Advanced,Low,15
assisted hanging knee raise with throw down,waist,assisted,abs,Advanced,High,15
assisted lying calves stretch,lower legs,assisted,calves,Advanced,Moderate,15
assisted lying glutes stretch,upper legs,assisted,glutes,Advanced,Moderate,15
assisted lying gluteus and piriformis stretch,upper legs,assisted,glutes,Advanced,Moderate,15
assisted lying leg raise with lateral throw down,waist,assisted,abs,Advanced,High,15
assisted lying leg raise with throw down,waist,assisted,abs,Advanced,High,15
assisted motion russian twist,waist,medicine ball,abs,Advanced,Low,15
assisted parallel close grip pull-up,back,leverage machine,lats,Advanced,Low,15
assisted prone hamstring,upper legs,assisted,hamstrings,Advanced,Moderate,15
assisted prone lying quads stretch,upper legs,assisted,quads,Advanced,Moderate,15
assisted prone rectus femoris stretch,waist,assisted,abs,Advanced,Low,15
assisted pull-up,back,leverage machine,lats,Advanced,Low,15
assisted seated pectoralis major stretch with stability ball,chest,assisted,pectorals,Advanced,Low,15
assisted side lying adductor stretch,upper legs,assisted,adductors,Advanced,Moderate,15
assisted sit-up,waist,assisted,abs,Advanced,Low,15
assisted standing chin-up,back,leverage machine,lats,Advanced,Low,15
assisted standing pull-up,back,leverage machine,lats,Advanced,Low,15
assisted standing triceps extension (with towel),upper arms,assisted,triceps,Advanced,Low,15
assisted triceps dip (kneeling),upper arms,leverage machine,triceps,Advanced,Low,15
assisted wide-grip chest dip (kneeling),chest,leverage machine,pectorals,Advanced,Low,15
astride jumps (male),cardio,body weight,cardiovascular system,Beginner,High,15
back and forth step,cardio,body weight,cardiovascular system,Beginner,High,15
back extension on exercise ball,back,stability ball,spine,Advanced,Low,15
back lever,back,body weight,upper back,Beginner,Low,15
back pec stretch,back,body weight,lats,Beginner,Low,15
backward jump,upper legs,body weight,quads,Beginner,High,15
balance board,upper legs,body weight,quads,Beginner,Moderate,15
band alternating biceps curl,upper arms,band,biceps,Advanced,Low,15
band alternating v-up,waist,band,abs,Advanced,Low,15
band assisted pull-up,back,band,lats,Advanced,Low,15
band assisted wheel rollerout,waist,band,abs,Advanced,Low,15
band bench press,chest,band,pectorals,Advanced,Moderate,15
band bent-over hip extension,upper legs,band,glutes,Advanced,Moderate,15
band bicycle crunch,waist,band,abs,Advanced,High,15
band close-grip pulldown,back,band,lats,Advanced,Low,15
band close-grip push-up,upper arms,band,triceps,Advanced,Low,15
band concentration curl,upper arms,band,biceps,Advanced,Low,15
band fixed back close grip pulldown,back,band,lats,Advanced,Low,15
band fixed back underhand pulldown,back,band,lats,Advanced,Low,15
band front lateral raise,shoulders,band,delts,Advanced,Low,15
band front raise,shoulders,band,delts,Advanced,Low,15
band hip lift,upper legs,band,glutes,Advanced,Moderate,15
band horizontal pallof press,waist,band,abs,Advanced,Moderate,15
band jack knife sit-up,waist,band,abs,Advanced,Low,15
band kneeling one arm pulldown,back,band,lats,Advanced,Low,15
band kneeling twisting crunch,waist,band,abs,Advanced,High,15
band lying hip internal rotation,upper legs,band,glutes,Advanced,Moderate,15
band lying straight leg raise,waist,band,abs,Advanced,Low,15
band one arm overhead biceps curl,upper arms,band,biceps,Advanced,Low,15
band one arm single leg split squat,upper legs,band,quads,Advanced,Moderate,15
band one arm standing low row,back,band,upper back,Advanced,High,15
band one arm twisting chest press,chest,band,pectorals,Advanced,Moderate,15
band one arm twisting seated row,back,band,upper back,Advanced,High,15
band pull through,upper legs,band,glutes,Advanced,Moderate,15
band push sit-up,waist,band,abs,Advanced,Low,15
band reverse fly,shoulders,band,delts,Advanced,Low,15
band reverse wrist curl,lower arms,band,forearms,Advanced,Low,15
band seated hip internal rotation,upper legs,band,glutes,Advanced,Moderate,15
band seated twist,waist,band,abs,Advanced,Low,15
band shoulder press,shoulders,band,delts,Advanced,Moderate,15
band shrug,back,band,traps,Advanced,Low,15
band side triceps extension,upper arms,band,triceps,Advanced,Low,15
band single leg calf raise,lower legs,band,calves,Advanced,Moderate,15
band single leg reverse calf raise,lower legs,band,calves,Advanced,Moderate,15
band single leg split squat,upper legs,band,quads,Advanced,Moderate,15
band squat,upper legs,band,glutes,Advanced,Moderate,15
band squat row,upper legs,band,glutes,Advanced,High,15
band standing crunch,waist,band,abs,Advanced,High,15
band standing rear delt row,shoulders,band,delts,Advanced,High,15
band standing twisting crunch,waist,band,abs,Advanced,High,15
band step-up,upper legs,band,glutes,Advanced,Moderate,15
band stiff leg deadlift,upper legs,band,glutes,Advanced,Moderate,15
band straight back stiff leg deadlift,upper legs,band,glutes,Advanced,Moderate,15
band straight leg deadlift,back,band,spine,Advanced,Moderate,15
band twisting overhead press,shoulders,band,delts,Advanced,Moderate,15
band two legs calf raise - (band under both legs) v. 2,lower legs,band,calves,Advanced,Moderate,15
band underhand pulldown,back,band,lats,Advanced,Low,15
band v-up,waist,band,abs,Advanced,Low,15
band vertical pallof press,waist,band,abs,Advanced,Moderate,15
band wrist curl,lower arms,band,forearms,Advanced,Low,15
band y-raise,shoulders,band,delts,Advanced,Low,15
barbell alternate biceps curl,upper arms,barbell,biceps,Intermediate,Low,15
barbell bench front squat,upper legs,barbell,quads,Intermediate,Moderate,15
barbell bench press,chest,barbell,pectorals,Intermediate,Moderate,15
barbell bench squat,upper legs,barbell,quads,Intermediate,Moderate,15
barbell bent arm pullover,back,barbell,lats,Intermediate,Low,15
barbell bent over row,back,barbell,upper back,Intermediate,High,15
barbell biceps curl (with arm blaster),upper arms,barbell,biceps,Intermediate,Low,15
barbell clean and press,upper legs,barbell,quads,Intermediate,Moderate,15
barbell clean-grip front squat,upper legs,barbell,glutes,Intermediate,Moderate,15
barbell close-grip bench press,upper arms,barbell,triceps,Intermediate,Moderate,15
barbell curl,upper arms,barbell,biceps,Intermediate,Low,15
barbell deadlift,upper legs,barbell,glutes,Intermediate,Moderate,15
barbell decline bench press,chest,barbell,pectorals,Intermediate,Moderate,15
barbell decline bent arm pullover,back,barbell,lats,Intermediate,Low,15
barbell decline close grip to skull press,upper arms,barbell,triceps,Intermediate,Moderate,15
barbell decline pullover,chest,barbell,pectorals,Intermediate,Low,15
barbell decline wide-grip press,chest,barbell,pectorals,Intermediate,Moderate,15
barbell decline wide-grip pullover,back,barbell,lats,Intermediate,Low,15
barbell drag curl,upper arms,barbell,biceps,Intermediate,Low,15
barbell floor calf raise,lower legs,barbell,calves,Intermediate,Moderate,15
barbell front chest squat,upper legs,barbell,glutes,Intermediate,Moderate,15
barbell front raise,shoulders,barbell,delts,Intermediate,Low,15
barbell front raise and pullover,chest,barbell,pectorals,Intermediate,Low,15
barbell front squat,upper legs,barbell,glutes,Intermediate,Moderate,15
barbell full squat,upper legs,barbell,glutes,Intermediate,Moderate,15
barbell full squat (back pov),upper legs,barbell,glutes,Intermediate,Moderate,15
barbell full squat (side pov),upper legs,barbell,glutes,Intermediate,Moderate,15
barbell full zercher squat,upper legs,barbell,glutes,Intermediate,Moderate,15
barbell glute bridge,upper legs,barbell,glutes,Intermediate,Moderate,15
barbell glute bridge two legs on bench (male),upper legs,barbell,glutes,Intermediate,Moderate,15
barbell good morning,upper legs,barbell,hamstrings,Intermediate,Moderate,15
barbell guillotine bench press,chest,barbell,pectorals,Intermediate,Moderate,15
barbell hack squat,upper legs,barbell,glutes,Intermediate,Moderate,15
barbell high bar squat,upper legs,barbell,glutes,Intermediate,Moderate,15
barbell incline bench press,chest,barbell,pectorals,Intermediate,Moderate,15
barbell incline close grip bench press,upper arms,barbell,triceps,Intermediate,Moderate,15
barbell incline reverse-grip press,upper arms,barbell,triceps,Intermediate,Moderate,15
barbell incline row,back,barbell,upper back,Intermediate,High,15
barbell incline shoulder raise,chest,barbell,serratus anterior,Intermediate,Low,15
barbell jefferson squat,upper legs,barbell,glutes,Intermediate,Moderate,15
barbell jm bench press,upper arms,barbell,triceps,Intermediate,Moderate,15
barbell jump squat,upper legs,barbell,glutes,Intermediate,High,15
barbell lateral lunge,upper legs,barbell,glutes,Intermediate,Moderate,15
barbell low bar squat,upper legs,barbell,glutes,Intermediate,Moderate,15
barbell lunge,upper legs,barbell,glutes,Intermediate,Moderate,15
barbell lying back of the head tricep extension,upper arms,barbell,triceps,Intermediate,Low,15
barbell lying close-grip press,upper arms,barbell,triceps,Intermediate,Moderate,15
barbell lying close-grip triceps extension,upper arms,barbell,triceps,Intermediate,Low,15
barbell lying extension,upper arms,barbell,triceps,Intermediate,Low,15
barbell lying lifting (on hip),upper legs,barbell,glutes,Intermediate,Moderate,15
barbell lying preacher curl,upper arms,barbell,biceps,Intermediate,Low,15
barbell lying triceps extension,upper arms,barbell,triceps,Intermediate,Low,15
barbell lying triceps extension skull crusher,upper arms,barbell,triceps,Intermediate,Low,15
barbell narrow stance squat,upper legs,barbell,glutes,Intermediate,High,15
barbell one arm bent over row,back,barbell,upper back,Intermediate,High,15
barbell one arm floor press,upper arms,barbell,triceps,Intermediate,Moderate,15
barbell one arm side deadlift,upper legs,barbell,glutes,Intermediate,Moderate,15
barbell one arm snatch,shoulders,barbell,delts,Intermediate,Low,15
barbell one leg squat,upper legs,barbell,quads,Intermediate,Moderate,15
barbell overhead squat,upper legs,barbell,quads,Intermediate,Moderate,15
barbell palms down wrist curl over a bench,lower arms,barbell,forearms,Intermediate,Low,15
barbell palms up wrist curl over a bench,lower arms,barbell,forearms,Intermediate,Low,15
barbell pendlay row,back,barbell,upper back,Intermediate,High,15
barbell pin presses,upper arms,barbell,triceps,Intermediate,Moderate,15
barbell preacher curl,upper arms,barbell,biceps,Intermediate,Low,15
barbell press sit-up,waist,barbell,abs,Intermediate,Moderate,15
barbell prone incline curl,upper arms,barbell,biceps,Intermediate,Low,15
barbell pullover,back,barbell,lats,Intermediate,Low,15
barbell pullover to press,back,barbell,lats,Intermediate,Moderate,15
barbell rack pull,upper legs,barbell,glutes,Intermediate,Moderate,15
barbell rear delt raise,shoulders,barbell,delts,Intermediate,Low,15
barbell rear delt row,shoulders,barbell,delts,Intermediate,High,15
barbell rear lunge,upper legs,barbell,glutes,Intermediate,Moderate,15
barbell rear lunge v. 2,upper legs,barbell,glutes,Intermediate,Moderate,15
barbell revers wrist curl v. 2,lower arms,barbell,forearms,Intermediate,Low,15
barbell reverse close-grip bench press,upper arms,barbell,triceps,Intermediate,Moderate,15
barbell reverse curl,upper arms,barbell,biceps,Intermediate,Low,15
barbell reverse grip bent over row,back,barbell,upper back,Intermediate,High,15
barbell reverse grip decline bench press,chest,barbell,pectorals,Intermediate,Moderate,15
barbell reverse grip incline bench press,chest,barbell,pectorals,Intermediate,Moderate,15
barbell reverse grip incline bench row,back,barbell,upper back,Intermediate,High,15
barbell reverse grip skullcrusher,upper arms,barbell,triceps,Intermediate,Low,15
barbell reverse preacher curl,upper arms,barbell,biceps,Intermediate,Low,15
barbell reverse wrist curl,lower arms,barbell,forearms,Intermediate,Low,15
barbell rollerout,waist,barbell,abs,Intermediate,Low,15
barbell rollerout from bench,waist,barbell,abs,Intermediate,Low,15
barbell romanian deadlift,upper legs,barbell,glutes,Intermediate,Moderate,15
barbell seated behind head military press,shoulders,barbell,delts,Intermediate,Moderate,15
barbell seated bradford rocky press,shoulders,barbell,delts,Intermediate,Moderate,15
barbell seated calf raise,lower legs,barbell,calves,Intermediate,Moderate,15
barbell seated calf raise,lower legs,barbell,calves,Intermediate,Moderate,15
barbell seated close grip behind neck triceps extension,upper arms,barbell,triceps,Intermediate,Low,15
barbell seated close-grip concentration curl,upper arms,barbell,biceps,Intermediate,Low,15
barbell seated good morning,upper legs,barbell,glutes,Intermediate,Moderate,15
barbell seated overhead press,shoulders,barbell,delts,Intermediate,Moderate,15
barbell seated overhead triceps extension,upper arms,barbell,triceps,Intermediate,Low,15
barbell seated twist,waist,barbell,abs,Intermediate,Low,15
barbell shrug,back,barbell,traps,Intermediate,Low,15
barbell side bent v. 2,waist,barbell,abs,Intermediate,Low,15
barbell side split squat,upper legs,barbell,quads,Intermediate,Moderate,15
barbell side split squat v. 2,upper legs,barbell,quads,Intermediate,Moderate,15
barbell single leg deadlift,upper legs,barbell,glutes,Intermediate,Moderate,15
barbell single leg split squat,upper legs,barbell,quads,Intermediate,Moderate,15
barbell sitted alternate leg raise,waist,barbell,abs,Intermediate,Low,15
barbell sitted alternate leg raise (female),waist,barbell,abs,Intermediate,Low,15
barbell skier,shoulders,barbell,delts,Intermediate,Low,15
barbell speed squat,upper legs,barbell,glutes,Intermediate,Moderate,15
barbell split squat v. 2,upper legs,barbell,quads,Intermediate,Moderate,15
barbell squat (on knees),upper legs,barbell,quads,Intermediate,Moderate,15
barbell squat jump step rear lunge,upper legs,barbell,quads,Intermediate,High,15
barbell standing ab rollerout,waist,barbell,abs,Intermediate,Low,15
barbell standing back wrist curl,lower arms,barbell,forearms,Intermediate,Low,15
barbell standing bradford press,shoulders,barbell,delts,Intermediate,Moderate,15
barbell standing calf raise,lower legs,barbell,calves,Intermediate,Moderate,15
barbell standing close grip curl,upper arms,barbell,biceps,Intermediate,Low,15
barbell standing close grip military press,shoulders,barbell,delts,Intermediate,Moderate,15
barbell standing concentration curl,upper arms,barbell,biceps,Intermediate,Low,15
barbell standing front raise over head,shoulders,barbell,delts,Intermediate,Low,15
barbell standing leg calf raise,lower legs,barbell,calves,Intermediate,Moderate,15
barbell standing overhead triceps extension,upper arms,barbell,triceps,Intermediate,Low,15
barbell standing reverse grip curl,upper arms,barbell,biceps,Intermediate,Low,15
barbell standing rocking leg calf raise,lower legs,barbell,calves,Intermediate,Moderate,15
barbell standing twist,waist,barbell,abs,Intermediate,Low,15
barbell standing wide grip biceps curl,upper arms,barbell,biceps,Intermediate,Low,15
barbell standing wide military press,shoulders,barbell,delts,Intermediate,Moderate,15
barbell standing wide-grip curl,upper arms,barbell,biceps,Intermediate,Low,15
barbell step-up,upper legs,barbell,glutes,Intermediate,Moderate,15
barbell stiff leg good morning,upper legs,barbell,glutes,Intermediate,Moderate,15
barbell straight leg deadlift,upper legs,barbell,hamstrings,Intermediate,Moderate,15
barbell sumo deadlift,upper legs,barbell,glutes,Intermediate,Moderate,15
barbell thruster,shoulders,barbell,delts,Intermediate,Low,15
barbell upright row,shoulders,barbell,delts,Intermediate,High,15
barbell upright row v. 2,shoulders,barbell,delts,Intermediate,High,15
barbell upright row v. 3,shoulders,barbell,delts,Intermediate,High,15
barbell wide bench press,chest,barbell,pectorals,Intermediate,Moderate,15
barbell wide reverse grip bench press,chest,barbell,pectorals,Intermediate,Moderate,15
barbell wide squat,upper legs,barbell,quads,Intermediate,Moderate,15
barbell wide-grip upright row,shoulders,barbell,delts,Intermediate,High,15
barbell wrist curl,lower arms,barbell,forearms,Intermediate,Low,15
barbell wrist curl v. 2,lower arms,barbell,forearms,Intermediate,Low,15
barbell zercher squat,upper legs,barbell,glutes,Intermediate,Moderate,15
basic toe touch (male),upper legs,body weight,glutes,Beginner,Moderate,15
battling ropes,shoulders,rope,delts,Advanced,Low,15
bear crawl,cardio,body weight,cardiovascular system,Beginner,High,15
behind head chest stretch,chest,assisted,pectorals,Advanced,Low,15
bench dip (knees bent),upper arms,body weight,triceps,Beginner,Low,15
bench dip on floor,upper arms,body weight,triceps,Beginner,Low,15
bench hip extension,upper legs,body weight,glutes,Beginner,Moderate,15
bench pull-ups,back,body weight,lats,Beginner,Low,15
bent knee lying twist (male),upper legs,body weight,glutes,Beginner,Moderate,15
biceps leg concentration curl,upper arms,body weight,biceps,Beginner,Low,15
biceps narrow pull-ups,upper arms,body weight,biceps,Beginner,High,15
biceps pull-up,upper arms,body weight,biceps,Beginner,Low,15
body-up,upper arms,body weight,triceps,Beginner,Low,15
bodyweight drop jump squat,upper legs,body weight,glutes,Beginner,High,15
bodyweight incline side plank,waist,body weight,abs,Beginner,Low,15
bodyweight kneeling triceps extension,upper arms,body weight,triceps,Beginner,Low,15
bodyweight side lying biceps curl,upper arms,body weight,biceps,Beginner,Low,15
bodyweight squatting row,back,body weight,upper back,Beginner,High,15
bodyweight squatting row (with towel),back,body weight,upper back,Beginner,High,15
bodyweight standing calf raise,lower legs,body weight,calves,Beginner,Moderate,15
bodyweight standing close-grip one arm row,back,body weight,upper back,Beginner,High,15
bodyweight standing close-grip row,back,body weight,upper back,Beginner,High,15
bodyweight standing one arm row,back,body weight,upper back,Beginner,High,15
bodyweight standing one arm row (with towel),back,body weight,upper back,Beginner,High,15
bodyweight standing row,back,body weight,upper back,Beginner,High,15
bodyweight standing row (with towel),back,body weight,upper back,Beginner,High,15
bottoms-up,waist,body weight,abs,Beginner,Low,15
box jump down with one leg stabilization,lower legs,body weight,calves,Beginner,High,15
bridge - mountain climber (cross body),waist,body weight,abs,Beginner,Low,15
burpee,cardio,body weight,cardiovascular system,Beginner,High,15
butt-ups,waist,body weight,abs,Beginner,Low,15
butterfly yoga pose,upper legs,body weight,adductors,Beginner,Moderate,15
cable alternate shoulder press,shoulders,cable,delts,Intermediate,Moderate,15
cable alternate triceps extension,upper arms,cable,triceps,Intermediate,Low,15
cable assisted inverse leg curl,upper legs,cable,hamstrings,Intermediate,Moderate,15
cable bar lateral pulldown,back,cable,lats,Intermediate,Low,15
cable bench press,chest,cable,pectorals,Intermediate,Moderate,15
cable close grip curl,upper arms,cable,biceps,Intermediate,Low,15
cable concentration curl,upper arms,cable,biceps,Intermediate,Low,15
cable concentration extension (on knee),upper arms,cable,triceps,Intermediate,Low,15
cable cross-over lateral pulldown,back,cable,lats,Intermediate,Low,15
cable cross-over revers fly,shoulders,cable,delts,Intermediate,Low,15
cable cross-over variation,chest,cable,pectorals,Intermediate,Low,15
cable curl,upper arms,cable,biceps,Intermediate,Low,15
cable deadlift,upper legs,cable,glutes,Intermediate,Moderate,15
cable decline fly,chest,cable,pectorals,Intermediate,Low,15
cable decline one arm press,chest,cable,pectorals,Intermediate,Moderate,15
cable decline press,chest,cable,pectorals,Intermediate,Moderate,15
cable decline seated wide-grip row,back,cable,upper back,Intermediate,High,15
cable drag curl,upper arms,cable,biceps,Intermediate,Low,15
cable floor seated wide-grip row,back,cable,upper back,Intermediate,High,15
cable forward raise,shoulders,cable,delts,Intermediate,Low,15
cable front raise,shoulders,cable,delts,Intermediate,Low,15
cable front shoulder raise,shoulders,cable,delts,Intermediate,Low,15
cable hammer curl (with rope),upper arms,cable,biceps,Intermediate,Low,15
cable high pulley overhead tricep extension,upper arms,cable,triceps,Intermediate,Low,15
cable high row (kneeling),back,cable,upper back,Intermediate,High,15
cable hip adduction,upper legs,cable,adductors,Intermediate,Moderate,15
cable incline bench press,chest,cable,pectorals,Intermediate,Moderate,15
cable incline bench row,back,cable,upper back,Intermediate,High,15
cable incline fly,chest,cable,pectorals,Intermediate,Low,15
cable incline fly (on stability ball),chest,cable,pectorals,Intermediate,Low,15
cable incline pushdown,back,cable,lats,Intermediate,Low,15
cable incline triceps extension,upper arms,cable,triceps,Intermediate,Low,15
cable judo flip,waist,cable,abs,Intermediate,Low,15
cable kickback,upper arms,cable,triceps,Intermediate,Low,15
cable kneeling crunch,waist,cable,abs,Intermediate,High,15
cable kneeling rear delt row (with rope) (male),shoulders,cable,delts,Intermediate,High,15
cable kneeling triceps extension,upper arms,cable,triceps,Intermediate,Low,15
cable lat pulldown full range of motion,back,cable,lats,Intermediate,Low,15
cable lateral pulldown (with rope attachment),back,cable,lats,Intermediate,Low,15
cable lateral pulldown with v-bar,back,cable,lats,Intermediate,Low,15
cable lateral raise,shoulders,cable,delts,Intermediate,Low,15
cable low fly,chest,cable,pectorals,Intermediate,Low,15
cable low seated row,back,cable,upper back,Intermediate,High,15
cable lying bicep curl,upper arms,cable,biceps,Intermediate,Low,15
cable lying close-grip curl,upper arms,cable,biceps,Intermediate,Low,15
cable lying extension pullover (with rope attachment),back,cable,lats,Intermediate,Low,15
cable lying fly,chest,cable,pectorals,Intermediate,Low,15
cable lying triceps extension v. 2,upper arms,cable,triceps,Intermediate,Low,15
cable middle fly,chest,cable,pectorals,Intermediate,Low,15
cable one arm bent over row,back,cable,upper back,Intermediate,High,15
cable one arm curl,upper arms,cable,biceps,Intermediate,Low,15
cable one arm decline chest fly,chest,cable,pectorals,Intermediate,Low,15
cable one arm fly on exercise ball,chest,cable,pectorals,Intermediate,Low,15
cable one arm incline fly on exercise ball,chest,cable,pectorals,Intermediate,Low,15
cable one arm incline press,chest,cable,pectorals,Intermediate,Moderate,15
cable one arm incline press on exercise ball,chest,cable,pectorals,Intermediate,Moderate,15
cable one arm lateral bent-over,chest,cable,pectorals,Intermediate,Low,15
cable one arm lateral raise,shoulders,cable,delts,Intermediate,Low,15
cable one arm preacher curl,upper arms,cable,biceps,Intermediate,Low,15
cable one arm press on exercise ball,chest,cable,pectorals,Intermediate,Moderate,15
cable one arm pulldown,back,cable,lats,Intermediate,Low,15
cable one arm reverse preacher curl,upper arms,cable,biceps,Intermediate,Low,15
cable one arm straight back high row (kneeling),back,cable,upper back,Intermediate,High,15
cable one arm tricep pushdown,upper arms,cable,triceps,Intermediate,Low,15
cable overhead curl,upper arms,cable,biceps,Intermediate,Low,15
cable overhead curl on exercise ball,upper arms,cable,biceps,Intermediate,Low,15
cable overhead triceps extension (rope attachment),upper arms,cable,triceps,Intermediate,Low,15
cable palm rotational row,back,cable,upper back,Intermediate,High,15
cable preacher curl,upper arms,cable,biceps,Intermediate,Low,15
cable press on exercise ball,chest,cable,pectorals,Intermediate,Moderate,15
cable pull through (with rope),upper legs,cable,glutes,Intermediate,Moderate,15
cable pulldown,back,cable,lats,Intermediate,Low,15
cable pulldown (pro lat bar),back,cable,lats,Intermediate,Low,15
cable pulldown bicep curl,upper arms,cable,biceps,Intermediate,Low,15
cable pushdown,upper arms,cable,triceps,Intermediate,Low,15
cable pushdown (straight arm) v. 2,back,cable,lats,Intermediate,Low,15
cable pushdown (with rope attachment),upper arms,cable,triceps,Intermediate,Low,15
cable rear delt row (stirrups),shoulders,cable,delts,Intermediate,High,15
cable rear delt row (with rope),shoulders,cable,delts,Intermediate,High,15
cable rear drive,upper arms,cable,triceps,Intermediate,Low,15
cable rear pulldown,back,cable,lats,Intermediate,Low,15
cable reverse crunch,waist,cable,abs,Intermediate,High,15
cable reverse curl,upper arms,cable,biceps,Intermediate,Low,15
cable reverse grip triceps pushdown (sz-bar) (with arm blaster),upper arms,cable,triceps,Intermediate,Low,15
cable reverse one arm curl,upper arms,cable,biceps,Intermediate,Low,15
cable reverse preacher curl,upper arms,cable,biceps,Intermediate,Low,15
cable reverse wrist curl,lower arms,cable,forearms,Intermediate,Low,15
cable reverse-grip pushdown,upper arms,cable,triceps,Intermediate,Low,15
cable reverse-grip straight back seated high row,back,cable,upper back,Intermediate,High,15
cable rope crossover seated row,back,cable,upper back,Intermediate,High,15
cable rope elevated seated row,back,cable,upper back,Intermediate,High,15
cable rope extension incline bench row,back,cable,upper back,Intermediate,High,15
cable rope hammer preacher curl,upper arms,cable,biceps,Intermediate,Low,15
cable rope high pulley overhead tricep extension,upper arms,cable,triceps,Intermediate,Low,15
cable rope incline tricep extension,upper arms,cable,triceps,Intermediate,Low,15
cable rope lying on floor tricep extension,upper arms,cable,triceps,Intermediate,Low,15
cable rope one arm hammer preacher curl,upper arms,cable,biceps,Intermediate,Low,15
cable rope seated row,back,cable,upper back,Intermediate,High,15
cable russian twists (on stability ball),waist,cable,abs,Intermediate,Low,15
cable seated chest press,chest,cable,pectorals,Intermediate,Moderate,15
cable seated crunch,waist,cable,abs,Intermediate,High,15
cable seated curl,upper arms,cable,biceps,Intermediate,Low,15
cable seated high row (v-bar),back,cable,lats,Intermediate,High,15
cable seated one arm alternate row,back,cable,upper back,Intermediate,High,15
cable seated one arm concentration curl,upper arms,cable,biceps,Intermediate,Low,15
cable seated overhead curl,upper arms,cable,biceps,Intermediate,Low,15
cable seated rear lateral raise,shoulders,cable,delts,Intermediate,Low,15
cable seated row,back,cable,upper back,Intermediate,High,15
cable seated shoulder internal rotation,shoulders,cable,delts,Intermediate,Low,15
cable seated twist,waist,cable,abs,Intermediate,Low,15
cable seated wide-grip row,back,cable,upper back,Intermediate,High,15
cable shoulder press,shoulders,cable,delts,Intermediate,Moderate,15
cable shrug,back,cable,traps,Intermediate,Low,15
cable side bend,waist,cable,abs,Intermediate,Low,15
cable side bend crunch (bosu ball),waist,cable,abs,Intermediate,High,15
cable side crunch,waist,cable,abs,Intermediate,High,15
cable squat row (with rope attachment),back,cable,lats,Intermediate,High,15
cable squatting curl,upper arms,cable,biceps,Intermediate,Moderate,15
cable standing back wrist curl,lower arms,cable,forearms,Intermediate,Low,15
cable standing calf raise,lower legs,cable,calves,Intermediate,Moderate,15
cable standing cross-over high reverse fly,shoulders,cable,delts,Intermediate,Low,15
cable standing crunch,waist,cable,abs,Intermediate,High,15
cable standing crunch (with rope attachment),waist,cable,abs,Intermediate,High,15
cable standing fly,chest,cable,pectorals,Intermediate,Low,15
cable standing hip extension,upper legs,cable,glutes,Intermediate,Moderate,15
cable standing inner curl,upper arms,cable,biceps,Intermediate,Low,15
cable standing lift,waist,cable,abs,Intermediate,Low,15
cable standing one arm triceps extension,upper arms,cable,triceps,Intermediate,Low,15
cable standing one leg calf raise,lower legs,cable,calves,Intermediate,Moderate,15
cable standing pulldown (with rope),upper arms,cable,biceps,Intermediate,Low,15
cable standing rear delt row (with rope),shoulders,cable,delts,Intermediate,High,15
cable standing reverse grip one arm overhead tricep extension,upper arms,cable,triceps,Intermediate,Low,15
cable standing row (v-bar),back,cable,upper back,Intermediate,High,15
cable standing shoulder external rotation,shoulders,cable,delts,Intermediate,Low,15
cable standing twist row (v-bar),back,cable,upper back,Intermediate,High,15
cable standing up straight crossovers,chest,cable,pectorals,Intermediate,Low,15
cable straight arm pulldown,back,cable,lats,Intermediate,Low,15
cable straight arm pulldown (with rope),back,cable,lats,Intermediate,Low,15
cable straight back seated row,back,cable,upper back,Intermediate,High,15
cable supine reverse fly,shoulders,cable,delts,Intermediate,Low,15
cable thibaudeau kayak row,back,cable,lats,Intermediate,High,15
cable triceps pushdown (v-bar),upper arms,cable,triceps,Intermediate,Low,15
cable triceps pushdown (v-bar) (with arm blaster),upper arms,cable,triceps,Intermediate,Low,15
cable tuck reverse crunch,waist,cable,abs,Intermediate,High,15
cable twist,waist,cable,abs,Intermediate,Low,15
cable twist (up-down),waist,cable,abs,Intermediate,Low,15
cable twisting pull,back,cable,lats,Intermediate,Low,15
cable two arm curl on incline bench,upper arms,cable,biceps,Intermediate,Low,15
cable two arm tricep kickback,upper arms,cable,triceps,Intermediate,Low,15
cable underhand pulldown,back,cable,lats,Intermediate,Low,15
cable upper chest crossovers,chest,cable,pectorals,Intermediate,Low,15
cable upper row,back,cable,upper back,Intermediate,High,15
cable upright row,shoulders,cable,delts,Intermediate,High,15
cable wide grip rear pulldown behind neck,back,cable,lats,Intermediate,Low,15
cable wrist curl,lower arms,cable,forearms,Intermediate,Low,15
calf push stretch with hands against wall,lower legs,body weight,calves,Beginner,Moderate,15
calf stretch with hands against wall,lower legs,body weight,calves,Beginner,Moderate,15
calf stretch with rope,lower legs,rope,calves,Advanced,Moderate,15
cambered bar lying row,back,barbell,upper back,Intermediate,High,15
captains chair straight leg raise,waist,body weight,abs,Beginner,Low,15
chair leg extended stretch,upper legs,body weight,quads,Beginner,Moderate,15
chest and front of shoulder stretch,chest,body weight,pectorals,Beginner,Low,15
chest dip,chest,body weight,pectorals,Beginner,Low,15
chest dip (on dip-pull-up cage),chest,body weight,pectorals,Beginner,Low,15
chest dip on straight bar,chest,body weight,pectorals,Beginner,Low,15
chest stretch with exercise ball,chest,stability ball,pectorals,Advanced,Low,15
chest tap push-up (male),chest,body weight,pectorals,Beginner,Low,15
chin-up,back,body weight,lats,Beginner,Low,15
chin-ups (narrow parallel grip),back,body weight,upper back,Beginner,High,15
circles knee stretch,lower legs,body weight,calves,Beginner,Moderate,15
clap push up,chest,body weight,pectorals,Beginner,Low,15
clock push-up,chest,body weight,pectorals,Beginner,Low,15
close grip chin-up,back,body weight,lats,Beginner,Low,15
close-grip push-up,upper arms,body weight,triceps,Beginner,Low,15
close-grip push-up (on knees),upper arms,body weight,triceps,Beginner,Low,15
cocoons,waist,body weight,abs,Beginner,Low,15
crab twist toe touch,waist,body weight,abs,Beginner,Low,15
cross body crunch,waist,body weight,abs,Beginner,High,15
crunch (hands overhead),waist,body weight,abs,Beginner,High,15
crunch (on stability ball),waist,stability ball,abs,Advanced,High,15
"crunch (on stability ball, arms straight)",waist,stability ball,abs,Advanced,High,15
crunch floor,waist,body weight,abs,Beginner,High,15
curl-up,waist,body weight,abs,Beginner,Low,15
curtsey squat,upper legs,body weight,glutes,Beginner,Moderate,15
cycle cross trainer,cardio,leverage machine,cardiovascular system,Advanced,High,15
dead bug,waist,body weight,abs,Beginner,Low,15
decline crunch,waist,body weight,abs,Beginner,High,15
decline push-up,chest,body weight,pectorals,Beginner,Low,15
decline sit-up,waist,body weight,abs,Beginner,Low,15
deep push up,chest,dumbbell,pectorals,Intermediate,Low,15
diamond push-up,upper arms,body weight,triceps,Beginner,Low,15
donkey calf raise,lower legs,body weight,calves,Beginner,Moderate,15
drop push up,chest,body weight,pectorals,Beginner,Low,15
dumbbell alternate biceps curl,upper arms,dumbbell,biceps,Intermediate,Low,15
dumbbell alternate biceps curl (with arm blaster),upper arms,dumbbell,biceps,Intermediate,Low,15
dumbbell alternate hammer preacher curl,upper arms,dumbbell,biceps,Intermediate,Low,15
dumbbell alternate preacher curl,upper arms,dumbbell,biceps,Intermediate,Low,15
dumbbell alternate seated hammer curl,upper arms,dumbbell,biceps,Intermediate,Low,15
dumbbell alternate side press,shoulders,dumbbell,delts,Intermediate,Moderate,15
dumbbell alternating bicep curl with leg raised on exercise ball,upper arms,dumbbell,biceps,Intermediate,Low,15
dumbbell alternating seated bicep curl on exercise ball,upper arms,dumbbell,biceps,Intermediate,Low,15
dumbbell arnold press,shoulders,dumbbell,delts,Intermediate,Moderate,15
dumbbell arnold press v. 2,shoulders,dumbbell,delts,Intermediate,Moderate,15
dumbbell around pullover,chest,dumbbell,pectorals,Intermediate,Low,15
dumbbell bench press,chest,dumbbell,pectorals,Intermediate,Moderate,15
dumbbell bench seated press,shoulders,dumbbell,delts,Intermediate,Moderate,15
dumbbell bench squat,upper legs,dumbbell,glutes,Intermediate,Moderate,15
dumbbell bent over row,back,dumbbell,upper back,Intermediate,High,15
dumbbell bicep curl lunge with bowling motion,upper arms,dumbbell,biceps,Intermediate,Low,15
dumbbell bicep curl on exercise ball with leg raised,upper arms,dumbbell,biceps,Intermediate,Low,15
dumbbell bicep curl with stork stance,upper arms,dumbbell,biceps,Intermediate,Low,15
dumbbell biceps curl,upper arms,dumbbell,biceps,Intermediate,Low,15
dumbbell biceps curl (with arm blaster),upper arms,dumbbell,biceps,Intermediate,Low,15
dumbbell biceps curl reverse,upper arms,dumbbell,biceps,Intermediate,Low,15
dumbbell biceps curl squat,upper arms,dumbbell,biceps,Intermediate,Moderate,15
dumbbell biceps curl v sit on bosu ball,upper arms,dumbbell,biceps,Intermediate,Low,15
dumbbell burpee,cardio,dumbbell,cardiovascular system,Intermediate,High,15
dumbbell clean,upper legs,dumbbell,glutes,Intermediate,Moderate,15
dumbbell close grip press,upper arms,dumbbell,triceps,Intermediate,Moderate,15
dumbbell close-grip press,upper arms,dumbbell,triceps,Intermediate,Moderate,15
dumbbell concentration curl,upper arms,dumbbell,biceps,Intermediate,Low,15
dumbbell contralateral forward lunge,upper legs,dumbbell,glutes,Intermediate,Moderate,15
dumbbell cross body hammer curl,upper arms,dumbbell,biceps,Intermediate,Low,15
dumbbell cross body hammer curl v. 2,upper arms,dumbbell,biceps,Intermediate,Low,15
dumbbell cuban press,shoulders,dumbbell,delts,Intermediate,Moderate,15
dumbbell cuban press v. 2,shoulders,dumbbell,delts,Intermediate,Moderate,15
dumbbell deadlift,upper legs,dumbbell,glutes,Intermediate,Moderate,15
dumbbell decline bench press,chest,dumbbell,pectorals,Intermediate,Moderate,15
dumbbell decline fly,chest,dumbbell,pectorals,Intermediate,Low,15
dumbbell decline hammer press,chest,dumbbell,pectorals,Intermediate,Moderate,15
dumbbell decline one arm fly,chest,dumbbell,pectorals,Intermediate,Low,15
dumbbell decline one arm hammer press,upper arms,dumbbell,triceps,Intermediate,Moderate,15
dumbbell decline shrug,back,dumbbell,traps,Intermediate,Low,15
dumbbell decline shrug v. 2,back,dumbbell,traps,Intermediate,Low,15
dumbbell decline triceps extension,upper arms,dumbbell,triceps,Intermediate,Low,15
dumbbell decline twist fly,chest,dumbbell,pectorals,Intermediate,Low,15
dumbbell finger curls,lower arms,dumbbell,forearms,Intermediate,Low,15
dumbbell fly,chest,dumbbell,pectorals,Intermediate,Low,15
dumbbell fly on exercise ball,chest,dumbbell,pectorals,Intermediate,Low,15
dumbbell forward lunge triceps extension,upper arms,dumbbell,triceps,Intermediate,Low,15
dumbbell front raise,shoulders,dumbbell,delts,Intermediate,Low,15
dumbbell front raise v. 2,shoulders,dumbbell,delts,Intermediate,Low,15
dumbbell full can lateral raise,shoulders,dumbbell,delts,Intermediate,Low,15
dumbbell goblet squat,upper legs,dumbbell,quads,Intermediate,Moderate,15
dumbbell hammer curl,upper arms,dumbbell,biceps,Intermediate,Low,15
dumbbell hammer curl on exercise ball,upper arms,dumbbell,biceps,Intermediate,Low,15
dumbbell hammer curl v. 2,upper arms,dumbbell,biceps,Intermediate,Low,15
dumbbell hammer curls (with arm blaster),upper arms,dumbbell,biceps,Intermediate,Low,15
dumbbell high curl,upper arms,dumbbell,biceps,Intermediate,Low,15
dumbbell incline alternate press,chest,dumbbell,pectorals,Intermediate,Moderate,15
dumbbell incline bench press,chest,dumbbell,pectorals,Intermediate,Moderate,15
dumbbell incline biceps curl,upper arms,dumbbell,biceps,Intermediate,Low,15
dumbbell incline breeding,chest,dumbbell,pectorals,Intermediate,Low,15
dumbbell incline curl,upper arms,dumbbell,biceps,Intermediate,Low,15
dumbbell incline curl v. 2,upper arms,dumbbell,biceps,Intermediate,Low,15
dumbbell incline fly,chest,dumbbell,pectorals,Intermediate,Low,15
dumbbell incline fly on exercise ball,chest,dumbbell,pectorals,Intermediate,Low,15
dumbbell incline hammer curl,upper arms,dumbbell,biceps,Intermediate,Low,15
dumbbell incline hammer press,chest,dumbbell,pectorals,Intermediate,Moderate,15
dumbbell incline hammer press on exercise ball,upper arms,dumbbell,triceps,Intermediate,Moderate,15
dumbbell incline inner biceps curl,upper arms,dumbbell,biceps,Intermediate,Low,15
dumbbell incline one arm fly,chest,dumbbell,pectorals,Intermediate,Low,15
dumbbell incline one arm fly on exercise ball,chest,dumbbell,pectorals,Intermediate,Low,15
dumbbell incline one arm hammer press,upper arms,dumbbell,triceps,Intermediate,Moderate,15
dumbbell incline one arm hammer press on exercise ball,upper arms,dumbbell,triceps,Intermediate,Moderate,15
dumbbell incline one arm lateral raise,shoulders,dumbbell,delts,Intermediate,Low,15
dumbbell incline one arm press,chest,dumbbell,pectorals,Intermediate,Moderate,15
dumbbell incline one arm press on exercise ball,chest,dumbbell,pectorals,Intermediate,Moderate,15
dumbbell incline palm-in press,chest,dumbbell,pectorals,Intermediate,Moderate,15
dumbbell incline press on exercise ball,chest,dumbbell,pectorals,Intermediate,Moderate,15
dumbbell incline raise,shoulders,dumbbell,delts,Intermediate,Low,15
dumbbell incline rear lateral raise,shoulders,dumbbell,delts,Intermediate,Low,15
dumbbell incline row,back,dumbbell,upper back,Intermediate,High,15
dumbbell incline shoulder raise,chest,dumbbell,serratus anterior,Intermediate,Low,15
dumbbell incline shrug,back,dumbbell,traps,Intermediate,Low,15
dumbbell incline t-raise,shoulders,dumbbell,delts,Intermediate,Low,15
dumbbell incline triceps extension,upper arms,dumbbell,triceps,Intermediate,Low,15
dumbbell incline twisted flyes,chest,dumbbell,pectorals,Intermediate,Low,15
dumbbell incline two arm extension,upper arms,dumbbell,triceps,Intermediate,Low,15
dumbbell incline y-raise,back,dumbbell,upper back,Intermediate,Low,15
dumbbell iron cross,shoulders,dumbbell,delts,Intermediate,Low,15
dumbbell kickback,upper arms,dumbbell,triceps,Intermediate,Low,15
dumbbell kickbacks on exercise ball,upper arms,dumbbell,triceps,Intermediate,Low,15
dumbbell kneeling bicep curl exercise ball,upper arms,dumbbell,biceps,Intermediate,Low,15
dumbbell lateral raise,shoulders,dumbbell,delts,Intermediate,Low,15
dumbbell lateral to front raise,shoulders,dumbbell,delts,Intermediate,Low,15
dumbbell lunge,upper legs,dumbbell,glutes,Intermediate,Moderate,15
dumbbell lunge with bicep curl,upper arms,dumbbell,biceps,Intermediate,Low,15
dumbbell lying extension (across face),upper arms,dumbbell,triceps,Intermediate,Low,15
dumbbell lying alternate extension,upper arms,dumbbell,triceps,Intermediate,Low,15
dumbbell lying elbow press,upper arms,dumbbell,triceps,Intermediate,Moderate,15
dumbbell lying external shoulder rotation,shoulders,dumbbell,delts,Intermediate,Low,15
dumbbell lying femoral,upper legs,dumbbell,hamstrings,Intermediate,Moderate,15
dumbbell lying hammer press,chest,dumbbell,pectorals,Intermediate,Moderate,15
dumbbell lying on floor rear delt raise,shoulders,dumbbell,delts,Intermediate,Low,15
dumbbell lying one arm deltoid rear,shoulders,dumbbell,delts,Intermediate,Low,15
dumbbell lying one arm press,chest,dumbbell,pectorals,Intermediate,Moderate,15
dumbbell lying one arm press v. 2,chest,dumbbell,pectorals,Intermediate,Moderate,15
dumbbell lying one arm pronated triceps extension,upper arms,dumbbell,triceps,Intermediate,Low,15
dumbbell lying one arm rear lateral raise,shoulders,dumbbell,delts,Intermediate,Low,15
dumbbell lying one arm supinated triceps extension,upper arms,dumbbell,triceps,Intermediate,Low,15
dumbbell lying pronation,lower arms,dumbbell,forearms,Intermediate,Low,15
dumbbell lying pronation on floor,lower arms,dumbbell,forearms,Intermediate,Low,15
dumbbell lying pullover on exercise ball,chest,dumbbell,pectorals,Intermediate,Low,15
dumbbell lying rear delt row,back,dumbbell,upper back,Intermediate,High,15
dumbbell lying rear lateral raise,shoulders,dumbbell,delts,Intermediate,Low,15
dumbbell lying single extension,upper arms,dumbbell,triceps,Intermediate,Low,15
dumbbell lying supination,lower arms,dumbbell,forearms,Intermediate,Low,15
dumbbell lying supination on floor,lower arms,dumbbell,forearms,Intermediate,Low,15
dumbbell lying supine biceps curl,upper arms,dumbbell,biceps,Intermediate,Low,15
dumbbell lying supine curl,upper arms,dumbbell,biceps,Intermediate,Low,15
dumbbell lying triceps extension,upper arms,dumbbell,triceps,Intermediate,Low,15
dumbbell lying wide curl,upper arms,dumbbell,biceps,Intermediate,Low,15
dumbbell neutral grip bench press,upper arms,dumbbell,triceps,Intermediate,Moderate,15
dumbbell one arm bench fly,chest,dumbbell,pectorals,Intermediate,Low,15
dumbbell one arm bent-over row,back,dumbbell,upper back,Intermediate,High,15
dumbbell one arm chest fly on exercise ball,chest,dumbbell,pectorals,Intermediate,Low,15
dumbbell one arm concentration curl (on stability ball),upper arms,dumbbell,biceps,Intermediate,Low,15
dumbbell one arm decline chest press,chest,dumbbell,pectorals,Intermediate,Moderate,15
dumbbell one arm fly on exercise ball,chest,dumbbell,pectorals,Intermediate,Low,15
dumbbell one arm french press on exercise ball,upper arms,dumbbell,triceps,Intermediate,Moderate,15
dumbbell one arm hammer preacher curl,upper arms,dumbbell,biceps,Intermediate,Low,15
dumbbell one arm hammer press on exercise ball,upper arms,dumbbell,triceps,Intermediate,Moderate,15
dumbbell one arm incline chest press,chest,dumbbell,pectorals,Intermediate,Moderate,15
dumbbell one arm kickback,upper arms,dumbbell,triceps,Intermediate,Low,15
dumbbell one arm lateral raise,shoulders,dumbbell,delts,Intermediate,Low,15
dumbbell one arm lateral raise with support,shoulders,dumbbell,delts,Intermediate,Low,15
dumbbell one arm press on exercise ball,chest,dumbbell,pectorals,Intermediate,Moderate,15
dumbbell one arm prone curl,upper arms,dumbbell,biceps,Intermediate,Low,15
dumbbell one arm prone hammer curl,upper arms,dumbbell,biceps,Intermediate,Low,15
dumbbell one arm pullover on exercise ball,chest,dumbbell,pectorals,Intermediate,Low,15
dumbbell one arm reverse wrist curl,lower arms,dumbbell,forearms,Intermediate,Low,15
dumbbell one arm reverse fly (with support),shoulders,dumbbell,delts,Intermediate,Low,15
dumbbell one arm reverse grip press,chest,dumbbell,pectorals,Intermediate,Moderate,15
dumbbell one arm reverse preacher curl,upper arms,dumbbell,biceps,Intermediate,Low,15
dumbbell one arm reverse spider curl,upper arms,dumbbell,biceps,Intermediate,Low,15
dumbbell one arm seated bicep curl on exercise ball,upper arms,dumbbell,biceps,Intermediate,Low,15
dumbbell one arm seated hammer curl,upper arms,dumbbell,biceps,Intermediate,Low,15
dumbbell one arm seated neutral wrist curl,lower arms,dumbbell,forearms,Intermediate,Low,15
dumbbell one arm shoulder press,shoulders,dumbbell,delts,Intermediate,Moderate,15
dumbbell one arm shoulder press v. 2,shoulders,dumbbell,delts,Intermediate,Moderate,15
dumbbell one arm snatch,upper legs,dumbbell,glutes,Intermediate,Moderate,15
dumbbell one arm standing curl,upper arms,dumbbell,biceps,Intermediate,Low,15
dumbbell one arm standing hammer curl,upper arms,dumbbell,biceps,Intermediate,Low,15
dumbbell one arm triceps extension (on bench),upper arms,dumbbell,triceps,Intermediate,Low,15
dumbbell one arm upright row,shoulders,dumbbell,delts,Intermediate,High,15
dumbbell one arm wrist curl,lower arms,dumbbell,forearms,Intermediate,Low,15
dumbbell one arm zottman preacher curl,upper arms,dumbbell,biceps,Intermediate,Low,15
dumbbell one leg fly on exercise ball,chest,dumbbell,pectorals,Intermediate,Low,15
dumbbell over bench neutral wrist curl,upper arms,dumbbell,biceps,Intermediate,Low,15
dumbbell over bench one arm neutral wrist curl,upper arms,dumbbell,biceps,Intermediate,Low,15
dumbbell over bench one arm reverse wrist curl,lower arms,dumbbell,forearms,Intermediate,Low,15
dumbbell over bench one arm wrist curl,lower arms,dumbbell,forearms,Intermediate,Low,15
dumbbell over bench revers wrist curl,lower arms,dumbbell,forearms,Intermediate,Low,15
dumbbell over bench wrist curl,lower arms,dumbbell,forearms,Intermediate,Low,15
dumbbell palm rotational bent over row,back,dumbbell,upper back,Intermediate,High,15
dumbbell palms in incline bench press,upper arms,dumbbell,triceps,Intermediate,Moderate,15
dumbbell peacher hammer curl,upper arms,dumbbell,biceps,Intermediate,Low,15
dumbbell plyo squat,upper legs,dumbbell,glutes,Intermediate,Moderate,15
dumbbell preacher curl,upper arms,dumbbell,biceps,Intermediate,Low,15
dumbbell preacher curl over exercise ball,upper arms,dumbbell,biceps,Intermediate,Low,15
dumbbell press on exercise ball,chest,dumbbell,pectorals,Intermediate,Moderate,15
dumbbell pronate-grip triceps extension,upper arms,dumbbell,triceps,Intermediate,Low,15
dumbbell prone incline curl,upper arms,dumbbell,biceps,Intermediate,Low,15
dumbbell prone incline hammer curl,upper arms,dumbbell,biceps,Intermediate,Low,15
dumbbell pullover,chest,dumbbell,pectorals,Intermediate,Low,15
dumbbell pullover hip extension on exercise ball,chest,dumbbell,pectorals,Intermediate,Low,15
dumbbell pullover on exercise ball,chest,dumbbell,pectorals,Intermediate,Low,15
dumbbell push press,shoulders,dumbbell,delts,Intermediate,Moderate,15
dumbbell raise,shoulders,dumbbell,delts,Intermediate,Low,15
dumbbell rear delt raise,shoulders,dumbbell,delts,Intermediate,Low,15
dumbbell rear delt row_shoulder,shoulders,dumbbell,delts,Intermediate,High,15
dumbbell rear fly,shoulders,dumbbell,delts,Intermediate,Low,15
dumbbell rear lateral raise,shoulders,dumbbell,delts,Intermediate,Low,15
dumbbell rear lateral raise (support head),shoulders,dumbbell,delts,Intermediate,Low,15
dumbbell rear lunge,upper legs,dumbbell,glutes,Intermediate,Moderate,15
dumbbell revers grip biceps curl,upper arms,dumbbell,biceps,Intermediate,Low,15
dumbbell reverse bench press,chest,dumbbell,pectorals,Intermediate,Moderate,15
dumbbell reverse fly,shoulders,dumbbell,delts,Intermediate,Low,15
dumbbell reverse grip incline bench one arm row,back,dumbbell,upper back,Intermediate,High,15
dumbbell reverse grip incline bench two arm row,back,dumbbell,upper back,Intermediate,High,15
dumbbell reverse grip row (female),back,dumbbell,upper back,Intermediate,High,15
dumbbell reverse preacher curl,upper arms,dumbbell,biceps,Intermediate,Low,15
dumbbell reverse spider curl,upper arms,dumbbell,biceps,Intermediate,Low,15
dumbbell reverse wrist curl,lower arms,dumbbell,forearms,Intermediate,Low,15
dumbbell romanian deadlift,upper legs,dumbbell,glutes,Intermediate,Moderate,15
dumbbell rotation reverse fly,shoulders,dumbbell,delts,Intermediate,Low,15
dumbbell scott press,shoulders,dumbbell,delts,Intermediate,Moderate,15
dumbbell seated alternate front raise,shoulders,dumbbell,delts,Intermediate,Low,15
dumbbell seated alternate hammer curl on exercise ball,upper arms,dumbbell,biceps,Intermediate,Low,15
dumbbell seated alternate press,shoulders,dumbbell,delts,Intermediate,Moderate,15
dumbbell seated alternate shoulder,shoulders,dumbbell,delts,Intermediate,Low,15
dumbbell seated bench extension,upper arms,dumbbell,triceps,Intermediate,Low,15
dumbbell seated bent arm lateral raise,shoulders,dumbbell,delts,Intermediate,Low,15
dumbbell seated bent over alternate kickback,upper arms,dumbbell,triceps,Intermediate,Low,15
dumbbell seated bent over triceps extension,upper arms,dumbbell,triceps,Intermediate,Low,15
dumbbell seated bicep curl,upper arms,dumbbell,biceps,Intermediate,Low,15
dumbbell seated biceps curl (on stability ball),upper arms,dumbbell,biceps,Intermediate,Low,15
dumbbell seated biceps curl to shoulder press,upper arms,dumbbell,biceps,Intermediate,Moderate,15
dumbbell seated calf raise,lower legs,dumbbell,calves,Intermediate,Moderate,15
dumbbell seated curl,upper arms,dumbbell,biceps,Intermediate,Low,15
dumbbell seated front raise,shoulders,dumbbell,delts,Intermediate,Low,15
dumbbell seated hammer curl,upper arms,dumbbell,biceps,Intermediate,Low,15
dumbbell seated inner biceps curl,upper arms,dumbbell,biceps,Intermediate,Low,15
dumbbell seated kickback,upper arms,dumbbell,triceps,Intermediate,Low,15
dumbbell seated lateral raise,shoulders,dumbbell,delts,Intermediate,Low,15
dumbbell seated lateral raise v. 2,shoulders,dumbbell,delts,Intermediate,Low,15
dumbbell seated neutral wrist curl,upper arms,dumbbell,biceps,Intermediate,Low,15
dumbbell seated one arm bicep curl on exercise ball with leg raised,upper arms,dumbbell,biceps,Intermediate,Low,15
dumbbell seated one arm kickback,upper arms,dumbbell,triceps,Intermediate,Low,15
dumbbell seated one arm rotate,lower arms,dumbbell,forearms,Intermediate,Low,15
dumbbell seated one leg calf raise,lower legs,dumbbell,calves,Intermediate,Moderate,15
dumbbell seated one leg calf raise - hammer grip,lower legs,dumbbell,calves,Intermediate,Moderate,15
dumbbell seated one leg calf raise - palm up,lower legs,dumbbell,calves,Intermediate,Moderate,15
dumbbell seated palms up wrist curl,lower arms,dumbbell,forearms,Intermediate,Low,15
dumbbell seated preacher curl,upper arms,dumbbell,biceps,Intermediate,Low,15
dumbbell seated revers grip concentration curl,upper arms,dumbbell,biceps,Intermediate,Low,15
dumbbell seated reverse grip one arm overhead tricep extension,upper arms,dumbbell,triceps,Intermediate,Low,15
dumbbell seated shoulder press,shoulders,dumbbell,delts,Intermediate,Moderate,15
dumbbell seated shoulder press (parallel grip),shoulders,dumbbell,delts,Intermediate,Moderate,15
dumbbell seated triceps extension,upper arms,dumbbell,triceps,Intermediate,Low,15
dumbbell shrug,back,dumbbell,traps,Intermediate,Low,15
dumbbell side bend,waist,dumbbell,abs,Intermediate,Low,15
dumbbell side lying one hand raise,shoulders,dumbbell,delts,Intermediate,Low,15
dumbbell side plank with rear fly,back,dumbbell,upper back,Intermediate,Low,15
dumbbell single arm overhead carry,shoulders,dumbbell,delts,Intermediate,Low,15
dumbbell single leg calf raise,lower legs,dumbbell,calves,Intermediate,Moderate,15
dumbbell single leg deadlift,upper legs,dumbbell,glutes,Intermediate,Moderate,15
dumbbell single leg deadlift with stepbox support,upper legs,dumbbell,glutes,Intermediate,Moderate,15
dumbbell single leg split squat,upper legs,dumbbell,quads,Intermediate,Moderate,15
dumbbell single leg squat,upper legs,dumbbell,glutes,Intermediate,Moderate,15
dumbbell squat,upper legs,dumbbell,glutes,Intermediate,Moderate,15
dumbbell standing alternate hammer curl and press,upper arms,dumbbell,biceps,Intermediate,Moderate,15
dumbbell standing alternate overhead press,shoulders,dumbbell,delts,Intermediate,Moderate,15
dumbbell standing alternate raise,shoulders,dumbbell,delts,Intermediate,Low,15
dumbbell standing alternating tricep kickback,upper arms,dumbbell,triceps,Intermediate,Low,15
dumbbell standing around world,shoulders,dumbbell,delts,Intermediate,Low,15
dumbbell standing bent over one arm triceps extension,upper arms,dumbbell,triceps,Intermediate,Low,15
dumbbell standing bent over two arm triceps extension,upper arms,dumbbell,triceps,Intermediate,Low,15
dumbbell standing biceps curl,upper arms,dumbbell,biceps,Intermediate,Low,15
dumbbell standing calf raise,lower legs,dumbbell,calves,Intermediate,Moderate,15
dumbbell standing concentration curl,upper arms,dumbbell,biceps,Intermediate,Low,15
dumbbell standing front raise above head,shoulders,dumbbell,delts,Intermediate,Low,15
dumbbell standing inner biceps curl v. 2,upper arms,dumbbell,biceps,Intermediate,Low,15
dumbbell standing kickback,upper arms,dumbbell,triceps,Intermediate,Low,15
dumbbell standing one arm concentration curl,upper arms,dumbbell,biceps,Intermediate,Low,15
dumbbell standing one arm curl (over incline bench),upper arms,dumbbell,biceps,Intermediate,Low,15
dumbbell standing one arm curl over incline bench,upper arms,dumbbell,biceps,Intermediate,Low,15
dumbbell standing one arm extension,upper arms,dumbbell,triceps,Intermediate,Low,15
dumbbell standing one arm palm in press,shoulders,dumbbell,delts,Intermediate,Moderate,15
dumbbell standing one arm reverse curl,upper arms,dumbbell,biceps,Intermediate,Low,15
dumbbell standing overhead press,shoulders,dumbbell,delts,Intermediate,Moderate,15
dumbbell standing palms in press,shoulders,dumbbell,delts,Intermediate,Moderate,15
dumbbell standing preacher curl,upper arms,dumbbell,biceps,Intermediate,Low,15
dumbbell standing reverse curl,upper arms,dumbbell,biceps,Intermediate,Low,15
dumbbell standing triceps extension,upper arms,dumbbell,triceps,Intermediate,Low,15
dumbbell standing zottman preacher curl,upper arms,dumbbell,biceps,Intermediate,Low,15
dumbbell step up single leg balance with bicep curl,upper arms,dumbbell,biceps,Intermediate,Low,15
dumbbell step-up,upper legs,dumbbell,glutes,Intermediate,Moderate,15
dumbbell step-up lunge,upper legs,dumbbell,quads,Intermediate,Moderate,15
dumbbell step-up split squat,upper legs,dumbbell,quads,Intermediate,Moderate,15
dumbbell stiff leg deadlift,upper legs,dumbbell,glutes,Intermediate,Moderate,15
dumbbell straight arm pullover,chest,dumbbell,pectorals,Intermediate,Low,15
dumbbell straight leg deadlift,upper legs,dumbbell,glutes,Intermediate,Moderate,15
dumbbell sumo pull through,upper legs,dumbbell,glutes,Intermediate,Moderate,15
dumbbell supported squat,upper legs,dumbbell,quads,Intermediate,Moderate,15
dumbbell tate press,upper arms,dumbbell,triceps,Intermediate,Moderate,15
dumbbell tricep kickback with stork stance,upper arms,dumbbell,triceps,Intermediate,Low,15
dumbbell twisting bench press,upper arms,dumbbell,triceps,Intermediate,Moderate,15
dumbbell upright row,shoulders,dumbbell,delts,Intermediate,High,15
dumbbell upright row (back pov),shoulders,dumbbell,delts,Intermediate,High,15
dumbbell upright shoulder external rotation,shoulders,dumbbell,delts,Intermediate,Low,15
dumbbell waiter biceps curl,upper arms,dumbbell,biceps,Intermediate,Low,15
dumbbell w-press,shoulders,dumbbell,delts,Intermediate,Moderate,15
dumbbell zottman curl,upper arms,dumbbell,biceps,Intermediate,Low,15
dumbbell zottman preacher curl,upper arms,dumbbell,biceps,Intermediate,Low,15
dumbbells seated triceps extension,upper arms,dumbbell,triceps,Intermediate,Low,15
dynamic chest stretch (male),chest,body weight,pectorals,Beginner,Low,15
elbow dips,upper arms,body weight,triceps,Beginner,Low,15
elbow lift - reverse push-up,back,body weight,upper back,Beginner,Low,15
elbow-to-knee,waist,body weight,abs,Beginner,Low,15
elevator,back,body weight,upper back,Beginner,Low,15
exercise ball alternating arm ups,back,stability ball,lats,Advanced,Low,15
exercise ball back extension with arms extended,back,stability ball,spine,Advanced,Low,15
exercise ball back extension with hands behind head,back,stability ball,spine,Advanced,Low,15
exercise ball back extension with knees off ground,back,stability ball,spine,Advanced,Low,15
exercise ball back extension with rotation,back,stability ball,spine,Advanced,Low,15
exercise ball dip,upper arms,stability ball,triceps,Advanced,Low,15
exercise ball hip flexor stretch,upper legs,stability ball,glutes,Advanced,Moderate,15
exercise ball hug,back,stability ball,spine,Advanced,Low,15
exercise ball lat stretch,back,stability ball,lats,Advanced,Low,15
exercise ball lower back stretch (pyramid),back,stability ball,lats,Advanced,Low,15
exercise ball lying side lat stretch,back,stability ball,lats,Advanced,Low,15
exercise ball on the wall calf raise,lower legs,dumbbell,calves,Intermediate,Moderate,15
exercise ball on the wall calf raise (tennis ball between ankles),lower legs,dumbbell,calves,Intermediate,Moderate,15
exercise ball on the wall calf raise (tennis ball between knees),lower legs,dumbbell,calves,Intermediate,Moderate,15
exercise ball one leg prone lower body rotation,upper legs,stability ball,glutes,Advanced,Moderate,15
exercise ball one legged diagonal kick hamstring curl,upper legs,stability ball,glutes,Advanced,Moderate,15
exercise ball pike push up,chest,stability ball,pectorals,Advanced,Low,15
exercise ball prone leg raise,back,stability ball,spine,Advanced,Low,15
exercise ball seated hamstring stretch,upper legs,stability ball,hamstrings,Advanced,Moderate,15
exercise ball seated triceps stretch,upper arms,stability ball,triceps,Advanced,Low,15
exercise ball supine triceps extension,upper arms,dumbbell,triceps,Intermediate,Low,15
ez bar french press on exercise ball,upper arms,ez barbell,triceps,Intermediate,Moderate,15
ez bar lying bent arms pullover,back,ez barbell,lats,Intermediate,Low,15
ez bar lying close grip triceps extension behind head,upper arms,ez barbell,triceps,Intermediate,Low,15
ez bar reverse grip bent over row,back,ez barbell,upper back,Intermediate,High,15
ez bar seated close grip concentration curl,upper arms,ez barbell,biceps,Intermediate,Low,15
ez bar standing french press,upper arms,ez barbell,triceps,Intermediate,Moderate,15
ez barbell anti gravity press,shoulders,ez barbell,delts,Intermediate,Moderate,15
ez barbell close grip preacher curl,upper arms,ez barbell,biceps,Intermediate,Low,15
ez barbell close-grip curl,upper arms,ez barbell,biceps,Intermediate,Low,15
ez barbell curl,upper arms,ez barbell,biceps,Intermediate,Low,15
ez barbell decline close grip face press,upper arms,ez barbell,triceps,Intermediate,Moderate,15
ez barbell decline triceps extension,upper arms,ez barbell,triceps,Intermediate,Low,15
ez barbell incline triceps extension,upper arms,ez barbell,triceps,Intermediate,Low,15
ez barbell jm bench press,upper arms,ez barbell,triceps,Intermediate,Moderate,15
ez barbell reverse grip curl,upper arms,ez barbell,biceps,Intermediate,Low,15
ez barbell reverse grip preacher curl,upper arms,ez barbell,biceps,Intermediate,Low,15
ez barbell seated curls,upper arms,ez barbell,biceps,Intermediate,Low,15
ez barbell seated triceps extension,upper arms,ez barbell,triceps,Intermediate,Low,15
ez barbell spider curl,upper arms,ez barbell,biceps,Intermediate,Low,15
ez barbell spider curl,upper arms,ez barbell,biceps,Intermediate,Low,15
ez-bar biceps curl (with arm blaster),upper arms,ez barbell,biceps,Intermediate,Low,15
ez-bar close-grip bench press,upper arms,ez barbell,triceps,Intermediate,Moderate,15
ez-barbell standing wide grip biceps curl,upper arms,ez barbell,biceps,Intermediate,Low,15
farmers walk,upper legs,dumbbell,quads,Intermediate,Moderate,15
finger curls,lower arms,barbell,forearms,Intermediate,Low,15
flag,waist,body weight,abs,Beginner,Low,15
flexion leg sit up (bent knee),waist,body weight,abs,Beginner,Low,15
flexion leg sit up (straight arm),waist,body weight,abs,Beginner,Low,15
floor fly (with barbell),chest,barbell,pectorals,Intermediate,Low,15
flutter kicks,upper legs,body weight,glutes,Beginner,Moderate,15
forward jump,upper legs,body weight,quads,Beginner,High,15
forward lunge (male),upper legs,body weight,glutes,Beginner,Moderate,15
frankenstein squat,upper legs,barbell,glutes,Intermediate,Moderate,15
frog crunch,waist,body weight,abs,Beginner,High,15
frog planche,waist,body weight,abs,Beginner,Low,15
front lever,waist,body weight,abs,Beginner,Low,15
front lever reps,back,body weight,upper back,Beginner,Low,15
front plank with twist,waist,body weight,abs,Beginner,Low,15
full maltese,waist,body weight,abs,Beginner,Low,15
full planche,waist,body weight,abs,Beginner,Low,15
full planche push-up,chest,body weight,pectorals,Beginner,Low,15
gironda sternum chin,back,body weight,lats,Beginner,Low,15
glute bridge march,upper legs,body weight,glutes,Beginner,Moderate,15
glute bridge two legs on bench (male),upper legs,body weight,glutes,Beginner,Moderate,15
glute-ham raise,upper legs,body weight,hamstrings,Beginner,Moderate,15
gorilla chin,waist,body weight,abs,Beginner,Low,15
groin crunch,waist,body weight,abs,Beginner,High,15
hack calf raise,lower legs,sled machine,calves,Advanced,Moderate,15
hack one leg calf raise,lower legs,sled machine,calves,Advanced,Moderate,15
half knee bends (male),cardio,body weight,cardiovascular system,Beginner,High,15
half sit-up (male),waist,body weight,abs,Beginner,Low,15
hamstring stretch,upper legs,body weight,hamstrings,Beginner,Moderate,15
hands bike,chest,upper body ergometer,pectorals,Advanced,Low,15
hands clasped circular toe touch (male),upper legs,body weight,glutes,Beginner,Moderate,15
hands reversed clasped circular toe touch (male),upper legs,body weight,glutes,Beginner,Moderate,15
handstand,upper arms,body weight,triceps,Beginner,Low,15
handstand push-up,upper arms,body weight,triceps,Beginner,Low,15
hanging leg hip raise,waist,body weight,abs,Beginner,Low,15
hanging leg raise,waist,body weight,abs,Beginner,Low,15
hanging oblique knee raise,waist,body weight,abs,Beginner,Low,15
hanging pike,waist,body weight,abs,Beginner,Low,15
hanging straight leg hip raise,waist,body weight,abs,Beginner,Low,15
hanging straight leg raise,waist,body weight,abs,Beginner,Low,15
hanging straight twisting leg hip raise,waist,body weight,abs,Beginner,Low,15
high knee against wall,cardio,body weight,cardiovascular system,Beginner,High,15
hip raise (bent knee),waist,body weight,abs,Beginner,Low,15
hug keens to chest,upper legs,body weight,glutes,Beginner,Moderate,15
hyght dumbbell fly,chest,dumbbell,pectorals,Intermediate,Low,15
hyperextension,back,body weight,spine,Beginner,Low,15
hyperextension (on bench),back,body weight,spine,Beginner,Low,15
impossible dips,upper arms,body weight,triceps,Beginner,Low,15
inchworm,waist,body weight,abs,Beginner,Low,15
inchworm v. 2,waist,body weight,abs,Beginner,Low,15
incline close-grip push-up,upper arms,body weight,triceps,Beginner,Low,15
incline leg hip raise (leg straight),waist,body weight,abs,Beginner,Low,15
incline push up depth jump,chest,body weight,pectorals,Beginner,High,15
incline push-up,chest,body weight,pectorals,Beginner,Low,15
incline push-up (on box),chest,body weight,pectorals,Beginner,Low,15
incline reverse grip push-up,chest,body weight,pectorals,Beginner,Low,15
incline scapula push up,chest,body weight,serratus anterior,Beginner,Low,15
incline twisting sit-up,waist,body weight,abs,Beginner,Low,15
intermediate hip flexor and quad stretch,upper legs,rope,quads,Advanced,Moderate,15
inverse leg curl (bench support),upper legs,body weight,hamstrings,Beginner,Moderate,15
inverse leg curl (on pull-up cable machine),upper legs,body weight,hamstrings,Beginner,Moderate,15
inverted row,back,body weight,upper back,Beginner,High,15
inverted row bent knees,back,body weight,upper back,Beginner,High,15
inverted row on bench,back,body weight,upper back,Beginner,High,15
inverted row v. 2,back,body weight,upper back,Beginner,High,15
inverted row with straps,back,body weight,upper back,Beginner,High,15
iron cross stretch,upper legs,body weight,glutes,Beginner,Moderate,15
isometric chest squeeze,chest,body weight,pectorals,Beginner,Low,15
isometric wipers,chest,body weight,pectorals,Beginner,Low,15
jack burpee,cardio,body weight,cardiovascular system,Beginner,High,15
jack jump (male),cardio,body weight,cardiovascular system,Beginner,High,15
jackknife sit-up,waist,body weight,abs,Beginner,Low,15
janda sit-up,waist,body weight,abs,Beginner,Low,15
jump rope,cardio,rope,cardiovascular system,Advanced,High,15
jump squat,upper legs,body weight,glutes,Beginner,High,15
jump squat v. 2,upper legs,body weight,glutes,Beginner,High,15
kettlebell advanced windmill,waist,kettlebell,abs,Advanced,Low,15
kettlebell alternating hang clean,lower arms,kettlebell,forearms,Advanced,Low,15
kettlebell alternating press,shoulders,kettlebell,delts,Advanced,Moderate,15
kettlebell alternating press on floor,chest,kettlebell,pectorals,Advanced,Moderate,15
kettlebell alternating renegade row,back,kettlebell,upper back,Advanced,High,15
kettlebell alternating row,back,kettlebell,upper back,Advanced,High,15
kettlebell arnold press,shoulders,kettlebell,delts,Advanced,Moderate,15
kettlebell bent press,waist,kettlebell,abs,Advanced,Moderate,15
kettlebell bottoms up clean from the hang position,upper arms,kettlebell,biceps,Advanced,Low,15
kettlebell double alternating hang clean,upper arms,kettlebell,biceps,Advanced,Low,15
kettlebell double jerk,shoulders,kettlebell,delts,Advanced,Low,15
kettlebell double push press,shoulders,kettlebell,delts,Advanced,Moderate,15
kettlebell double snatch,shoulders,kettlebell,delts,Advanced,Low,15
kettlebell double windmill,waist,kettlebell,abs,Advanced,Low,15
kettlebell extended range one arm press on floor,chest,kettlebell,pectorals,Advanced,Moderate,15
kettlebell figure 8,waist,kettlebell,abs,Advanced,Low,15
kettlebell front squat,upper legs,kettlebell,glutes,Advanced,Moderate,15
kettlebell goblet squat,upper legs,kettlebell,glutes,Advanced,Moderate,15
kettlebell hang clean,upper legs,kettlebell,hamstrings,Advanced,Moderate,15
kettlebell lunge pass through,upper legs,kettlebell,glutes,Advanced,Moderate,15
kettlebell one arm clean and jerk,shoulders,kettlebell,delts,Advanced,Low,15
kettlebell one arm floor press,chest,kettlebell,pectorals,Advanced,Moderate,15
kettlebell one arm jerk,shoulders,kettlebell,delts,Advanced,Low,15
kettlebell one arm military press to the side,shoulders,kettlebell,delts,Advanced,Moderate,15
kettlebell one arm push press,shoulders,kettlebell,delts,Advanced,Moderate,15
kettlebell one arm row,back,kettlebell,upper back,Advanced,High,15
kettlebell one arm snatch,shoulders,kettlebell,delts,Advanced,Low,15
kettlebell pirate supper legs,shoulders,kettlebell,delts,Advanced,Low,15
kettlebell pistol squat,upper legs,kettlebell,glutes,Advanced,Moderate,15
kettlebell plyo push-up,chest,kettlebell,pectorals,Advanced,Low,15
kettlebell seated press,shoulders,kettlebell,delts,Advanced,Moderate,15
kettlebell seated two arm military press,shoulders,kettlebell,delts,Advanced,Moderate,15
kettlebell seesaw press,shoulders,kettlebell,delts,Advanced,Moderate,15
kettlebell sumo high pull,back,kettlebell,traps,Advanced,Low,15
kettlebell swing,upper legs,kettlebell,glutes,Advanced,Moderate,15
kettlebell thruster,shoulders,kettlebell,delts,Advanced,Low,15
kettlebell turkish get up (squat style),upper legs,kettlebell,glutes,Advanced,Moderate,15
kettlebell two arm clean,shoulders,kettlebell,delts,Advanced,Low,15
kettlebell two arm military press,shoulders,kettlebell,delts,Advanced,Moderate,15
kettlebell two arm row,back,kettlebell,upper back,Advanced,High,15
kettlebell windmill,waist,kettlebell,abs,Advanced,Low,15
kick out sit,upper legs,body weight,hamstrings,Beginner,Moderate,15
kipping muscle up,back,body weight,lats,Beginner,Low,15
knee touch crunch,waist,body weight,abs,Beginner,High,15
kneeling jump squat,upper legs,barbell,glutes,Intermediate,High,15
kneeling lat stretch,back,body weight,lats,Beginner,Low,15
kneeling plank tap shoulder (male),waist,body weight,abs,Beginner,Low,15
kneeling push-up (male),chest,body weight,pectorals,Beginner,Low,15
korean dips,chest,body weight,pectorals,Beginner,Low,15
l-pull-up,back,body weight,lats,Beginner,Low,15
l-sit on floor,waist,body weight,abs,Beginner,Low,15
landmine 180,waist,barbell,abs,Intermediate,Low,15
landmine lateral raise,shoulders,barbell,delts,Intermediate,Low,15
lean planche,waist,body weight,abs,Beginner,Low,15
left hook. boxing,shoulders,body weight,delts,Beginner,Low,15
leg pull in flat bench,waist,body weight,abs,Beginner,Low,15
leg up hamstring stretch,upper legs,body weight,hamstrings,Beginner,Moderate,15
lever alternate leg press,upper legs,leverage machine,quads,Advanced,Moderate,15
lever alternating narrow grip seated row,back,leverage machine,upper back,Advanced,High,15
lever assisted chin-up,back,leverage machine,lats,Advanced,Low,15
lever back extension,back,leverage machine,spine,Advanced,Low,15
lever bent over row,back,barbell,upper back,Intermediate,High,15
lever bent-over row with v-bar,back,leverage machine,upper back,Advanced,High,15
lever bicep curl,upper arms,leverage machine,biceps,Advanced,Low,15
lever calf press,lower legs,leverage machine,calves,Advanced,Moderate,15
lever chest press,chest,leverage machine,pectorals,Advanced,Moderate,15
lever chest press,chest,leverage machine,pectorals,Advanced,Moderate,15
lever deadlift,upper legs,leverage machine,glutes,Advanced,Moderate,15
lever decline chest press,chest,leverage machine,pectorals,Advanced,Moderate,15
lever donkey calf raise,lower legs,leverage machine,calves,Advanced,Moderate,15
lever front pulldown,back,leverage machine,lats,Advanced,Low,15
lever gripless shrug,back,leverage machine,traps,Advanced,Low,15
lever gripless shrug v. 2,back,leverage machine,traps,Advanced,Low,15
lever gripper hands,lower arms,leverage machine,forearms,Advanced,Low,15
lever hammer grip preacher curl,upper arms,leverage machine,biceps,Advanced,Low,15
lever high row,back,leverage machine,upper back,Advanced,High,15
lever hip extension v. 2,upper legs,leverage machine,glutes,Advanced,Moderate,15
lever horizontal one leg press,upper legs,leverage machine,glutes,Advanced,Moderate,15
lever incline chest press,chest,leverage machine,pectorals,Advanced,Moderate,15
lever incline chest press v. 2,chest,leverage machine,pectorals,Advanced,Moderate,15
lever kneeling leg curl,upper legs,leverage machine,hamstrings,Advanced,Moderate,15
lever kneeling twist,waist,leverage machine,abs,Advanced,Low,15
lever lateral raise,shoulders,leverage machine,delts,Advanced,Low,15
lever leg extension,upper legs,leverage machine,quads,Advanced,Moderate,15
lever lying leg curl,upper legs,leverage machine,hamstrings,Advanced,Moderate,15
lever lying two-one leg curl,upper legs,leverage machine,hamstrings,Advanced,Moderate,15
lever military press,shoulders,leverage machine,delts,Advanced,Moderate,15
lever narrow grip seated row,back,leverage machine,upper back,Advanced,High,15
lever one arm bent over row,back,barbell,upper back,Intermediate,High,15
lever one arm lateral high row,back,leverage machine,upper back,Advanced,High,15
lever one arm lateral wide pulldown,back,leverage machine,lats,Advanced,Low,15
lever one arm shoulder press,shoulders,leverage machine,delts,Advanced,Moderate,15
lever overhand triceps dip,upper arms,leverage machine,triceps,Advanced,Low,15
lever preacher curl,upper arms,leverage machine,biceps,Advanced,Low,15
lever preacher curl v. 2,upper arms,leverage machine,biceps,Advanced,Low,15
lever pullover,back,leverage machine,lats,Advanced,Low,15
lever reverse grip lateral pulldown,back,leverage machine,lats,Advanced,Low,15
lever reverse grip preacher curl,upper arms,leverage machine,biceps,Advanced,Low,15
lever reverse grip vertical row,back,leverage machine,upper back,Advanced,High,15
lever reverse hyperextension,upper legs,leverage machine,glutes,Advanced,Moderate,15
lever reverse t-bar row,back,leverage machine,upper back,Advanced,High,15
lever rotary calf,lower legs,leverage machine,calves,Advanced,Moderate,15
lever seated calf press,lower legs,leverage machine,calves,Advanced,Moderate,15
lever seated calf raise,lower legs,leverage machine,calves,Advanced,Moderate,15
lever seated crunch,waist,leverage machine,abs,Advanced,High,15
lever seated crunch (chest pad),waist,leverage machine,abs,Advanced,High,15
lever seated crunch v. 2,waist,leverage machine,abs,Advanced,High,15
lever seated dip,upper arms,leverage machine,triceps,Advanced,Low,15
lever seated fly,chest,leverage machine,pectorals,Advanced,Low,15
lever seated good morning,upper legs,leverage machine,glutes,Advanced,Moderate,15
lever seated hip abduction,upper legs,leverage machine,abductors,Advanced,Moderate,15
lever seated hip adduction,upper legs,leverage machine,adductors,Advanced,Moderate,15
lever seated leg curl,upper legs,leverage machine,hamstrings,Advanced,Moderate,15
lever seated leg raise crunch,waist,leverage machine,abs,Advanced,High,15
lever seated reverse fly,shoulders,leverage machine,delts,Advanced,Low,15
lever seated reverse fly (parallel grip),shoulders,leverage machine,delts,Advanced,Low,15
lever seated row,back,leverage machine,upper back,Advanced,High,15
lever seated squat calf raise on leg press machine,lower legs,leverage machine,calves,Advanced,Moderate,15
lever shoulder press,shoulders,leverage machine,delts,Advanced,Moderate,15
lever shoulder press v. 2,shoulders,leverage machine,delts,Advanced,Moderate,15
lever shoulder press v. 3,shoulders,leverage machine,delts,Advanced,Moderate,15
lever shrug,back,leverage machine,traps,Advanced,Low,15
lever standing calf raise,lower legs,leverage machine,calves,Advanced,Moderate,15
lever standing chest press,chest,leverage machine,pectorals,Advanced,Moderate,15
lever t bar row,back,leverage machine,upper back,Advanced,High,15
lever t-bar reverse grip row,back,leverage machine,upper back,Advanced,High,15
lever triceps extension,upper arms,leverage machine,triceps,Advanced,Low,15
lever unilateral row,back,leverage machine,upper back,Advanced,High,15
london bridge,back,rope,upper back,Advanced,Low,15
low glute bridge on floor,upper legs,body weight,glutes,Beginner,Moderate,15
lower back curl,back,body weight,spine,Beginner,Low,15
lunge with jump,upper legs,body weight,glutes,Beginner,High,15
lunge with twist,waist,body weight,abs,Beginner,Low,15
lying (side) quads stretch,upper legs,body weight,quads,Beginner,Moderate,15
lying elbow to knee,waist,body weight,abs,Beginner,Low,15
lying leg raise flat bench,waist,body weight,abs,Beginner,Low,15
lying leg-hip raise,waist,body weight,abs,Beginner,Low,15
machine inner chest press,chest,leverage machine,pectorals,Advanced,Moderate,15
march sit (wall),upper legs,body weight,glutes,Beginner,Moderate,15
medicine ball catch and overhead throw,back,medicine ball,lats,Advanced,High,15
medicine ball chest pass,chest,medicine ball,pectorals,Advanced,Low,15
medicine ball chest push from 3 point stance,chest,medicine ball,pectorals,Advanced,Low,15
medicine ball chest push multiple response,chest,medicine ball,pectorals,Advanced,Low,15
medicine ball chest push single response,chest,medicine ball,pectorals,Advanced,Low,15
medicine ball chest push with run release,chest,medicine ball,pectorals,Advanced,High,15
medicine ball close grip push up,upper arms,medicine ball,triceps,Advanced,Low,15
medicine ball overhead slam,back,medicine ball,upper back,Advanced,Low,15
medicine ball supine chest throw,upper arms,medicine ball,triceps,Advanced,High,15
mixed grip chin-up,back,body weight,lats,Beginner,Low,15
modified hindu push-up (male),chest,body weight,pectorals,Beginner,Low,15
modified push up to lower arms,lower arms,body weight,forearms,Beginner,Low,15
monster walk,upper legs,body weight,glutes,Beginner,Moderate,15
mountain climber,cardio,body weight,cardiovascular system,Beginner,High,15
muscle up,back,body weight,lats,Beginner,Low,15
muscle-up (on vertical bar),back,body weight,lats,Beginner,Low,15
narrow push-up on exercise ball,upper arms,stability ball,triceps,Advanced,High,15
neck side stretch,neck,body weight,levator scapulae,Beginner,Low,15
negative crunch,waist,body weight,abs,Beginner,High,15
oblique crunch v. 2,waist,body weight,abs,Beginner,High,15
oblique crunches floor,waist,body weight,abs,Beginner,High,15
olympic barbell hammer curl,upper arms,olympic barbell,biceps,Intermediate,Low,15
olympic barbell triceps extension,upper arms,olympic barbell,triceps,Intermediate,Low,15
one arm against wall,back,body weight,lats,Beginner,Low,15
one arm chin-up,back,body weight,lats,Beginner,Low,15
one arm dip,upper arms,body weight,triceps,Beginner,Low,15
one arm slam (with medicine ball),waist,medicine ball,abs,Advanced,Low,15
one arm towel row,back,body weight,upper back,Beginner,High,15
one leg donkey calf raise,lower legs,body weight,calves,Beginner,Moderate,15
one leg floor calf raise,lower legs,body weight,calves,Beginner,Moderate,15
one leg squat,upper legs,body weight,glutes,Beginner,Moderate,15
otis up,waist,weighted,abs,Advanced,Low,15
outside leg kick push-up,upper legs,body weight,glutes,Beginner,Moderate,15
overhead triceps stretch,upper arms,body weight,triceps,Beginner,Low,15
pelvic tilt,waist,body weight,abs,Beginner,Low,15
pelvic tilt into bridge,upper legs,body weight,glutes,Beginner,Moderate,15
peroneals stretch,lower legs,rope,calves,Advanced,Moderate,15
pike-to-cobra push-up,upper legs,body weight,glutes,Beginner,Moderate,15
plyo push up,chest,body weight,pectorals,Beginner,Low,15
posterior step to overhead reach,waist,body weight,abs,Beginner,Low,15
posterior tibialis stretch,lower legs,rope,calves,Advanced,Moderate,15
potty squat,waist,body weight,abs,Beginner,Moderate,15
potty squat with support,upper legs,body weight,glutes,Beginner,Moderate,15
power clean,upper legs,barbell,hamstrings,Intermediate,Moderate,15
power point plank,waist,body weight,abs,Beginner,Low,15
prisoner half sit-up (male),waist,body weight,abs,Beginner,Low,15
prone twist on stability ball,waist,stability ball,abs,Advanced,Low,15
pull up (neutral grip),back,body weight,lats,Beginner,Low,15
pull-in (on stability ball),waist,stability ball,abs,Advanced,Low,15
pull-up,back,body weight,lats,Beginner,Low,15
push and pull bodyweight,chest,body weight,pectorals,Beginner,Low,15
push to run,cardio,body weight,cardiovascular system,Beginner,High,15
push up on bosu ball,chest,bosu ball,pectorals,Advanced,Low,15
push-up,chest,body weight,pectorals,Beginner,Low,15
push-up (bosu ball),chest,bosu ball,pectorals,Advanced,Low,15
push-up (on stability ball),chest,stability ball,pectorals,Advanced,Low,15
push-up (on stability ball),chest,stability ball,pectorals,Advanced,Low,15
push-up (wall),chest,body weight,pectorals,Beginner,Low,15
push-up (wall) v. 2,chest,body weight,pectorals,Beginner,Low,15
push-up close-grip off dumbbell,upper arms,dumbbell,triceps,Intermediate,Low,15
push-up inside leg kick,upper legs,body weight,glutes,Beginner,Moderate,15
push-up medicine ball,chest,medicine ball,pectorals,Advanced,Low,15
push-up on lower arms,upper arms,body weight,triceps,Beginner,Low,15
push-up plus,chest,body weight,pectorals,Beginner,Low,15
push-up to side plank,waist,body weight,abs,Beginner,Low,15
quads,upper legs,body weight,quads,Beginner,Moderate,15
quarter sit-up,waist,body weight,abs,Beginner,Low,15
quick feet v. 2,upper legs,body weight,quads,Beginner,Moderate,15
raise single arm push-up,chest,body weight,pectorals,Beginner,Low,15
rear decline bridge,upper legs,body weight,glutes,Beginner,Moderate,15
rear deltoid stretch,shoulders,body weight,delts,Beginner,Low,15
rear pull-up,back,body weight,lats,Beginner,Low,15
reclining big toe pose with rope,upper legs,rope,hamstrings,Advanced,Moderate,15
resistance band hip thrusts on knees (female),upper legs,resistance band,glutes,Advanced,Moderate,15
resistance band leg extension,upper legs,resistance band,quads,Advanced,Moderate,15
resistance band seated biceps curl,upper arms,resistance band,biceps,Advanced,Low,15
resistance band seated chest press,chest,resistance band,pectorals,Advanced,Moderate,15
resistance band seated hip abduction,upper legs,resistance band,abductors,Advanced,Moderate,15
resistance band seated shoulder press,shoulders,resistance band,delts,Advanced,Moderate,15
resistance band seated straight back row,back,resistance band,upper back,Advanced,High,15
reverse crunch,waist,body weight,abs,Beginner,High,15
reverse dip,upper arms,body weight,triceps,Beginner,Low,15
reverse grip machine lat pulldown,back,leverage machine,lats,Advanced,Low,15
reverse grip pull-up,back,body weight,lats,Beginner,Low,15
reverse hyper extension (on stability ball),upper legs,stability ball,glutes,Advanced,Moderate,15
reverse hyper on flat bench,upper legs,body weight,glutes,Beginner,Moderate,15
reverse plank with leg lift,waist,body weight,abs,Beginner,Low,15
ring dips,upper arms,body weight,triceps,Beginner,Low,15
rocking frog stretch,upper legs,body weight,glutes,Beginner,Moderate,15
rocky pull-up pulldown,back,body weight,lats,Beginner,Low,15
roller back stretch,back,roller,spine,Advanced,Low,15
roller body saw,waist,roller,abs,Advanced,Low,15
roller hip lat stretch,upper legs,roller,glutes,Advanced,Moderate,15
roller hip stretch,upper legs,roller,glutes,Advanced,Moderate,15
roller reverse crunch,waist,roller,abs,Advanced,High,15
roller seated shoulder flexor depresor retractor,chest,roller,pectorals,Advanced,Low,15
roller seated single leg shoulder flexor depresor retractor,chest,roller,pectorals,Advanced,Low,15
roller side lat stretch,back,roller,lats,Advanced,Low,15
rope climb,back,rope,upper back,Advanced,Low,15
run,cardio,body weight,cardiovascular system,Beginner,High,15
run (equipment),cardio,body weight,cardiovascular system,Beginner,High,15
runners stretch,upper legs,body weight,hamstrings,Beginner,High,15
russian twist,waist,body weight,abs,Beginner,Low,15
scapula dips,back,body weight,traps,Beginner,Low,15
scapula push-up,chest,body weight,serratus anterior,Beginner,Low,15
scapular pull-up,back,body weight,traps,Beginner,Low,15
scissor jumps (male),cardio,body weight,cardiovascular system,Beginner,High,15
seated calf stretch (male),lower legs,body weight,calves,Beginner,Moderate,15
seated glute stretch,upper legs,body weight,glutes,Beginner,Moderate,15
seated leg raise,waist,body weight,abs,Beginner,Low,15
seated lower back stretch,back,body weight,lats,Beginner,Low,15
seated piriformis stretch,upper legs,body weight,glutes,Beginner,Moderate,15
seated side crunch (wall),waist,body weight,abs,Beginner,High,15
seated wide angle pose sequence,upper legs,body weight,hamstrings,Beginner,Moderate,15
self assisted inverse leg curl,upper legs,body weight,hamstrings,Beginner,Moderate,15
self assisted inverse leg curl,upper legs,body weight,hamstrings,Beginner,Moderate,15
self assisted inverse leg curl (on floor),upper legs,body weight,hamstrings,Beginner,Moderate,15
semi squat jump (male),cardio,body weight,cardiovascular system,Beginner,High,15
short stride run,cardio,body weight,cardiovascular system,Beginner,High,15
shoulder grip pull-up,back,body weight,lats,Beginner,Low,15
shoulder tap,waist,body weight,abs,Beginner,Low,15
shoulder tap push-up,chest,body weight,pectorals,Beginner,Low,15
side bridge hip abduction,upper legs,body weight,abductors,Beginner,Moderate,15
side bridge v. 2,waist,body weight,abs,Beginner,Low,15
side hip (on parallel bars),waist,body weight,abs,Beginner,Low,15
side hip abduction,upper legs,body weight,abductors,Beginner,Moderate,15
side lying floor stretch,back,body weight,lats,Beginner,Low,15
side lying hip adduction (male),upper legs,body weight,adductors,Beginner,Moderate,15
side plank hip adduction,upper legs,body weight,adductors,Beginner,Moderate,15
side push neck stretch,neck,body weight,levator scapulae,Beginner,Low,15
side push-up,upper arms,body weight,triceps,Beginner,Low,15
side wrist pull stretch,lower arms,body weight,forearms,Beginner,Low,15
side-to-side chin,back,body weight,lats,Beginner,Low,15
side-to-side toe touch (male),waist,body weight,abs,Beginner,Low,15
single arm push-up,chest,body weight,pectorals,Beginner,Low,15
single leg bridge with outstretched leg,upper legs,body weight,glutes,Beginner,Moderate,15
single leg calf raise (on a dumbbell),lower legs,dumbbell,calves,Intermediate,Moderate,15
single leg platform slide,upper legs,body weight,hamstrings,Beginner,Moderate,15
single leg squat (pistol) male,upper legs,body weight,glutes,Beginner,Moderate,15
sissy squat,upper legs,body weight,quads,Beginner,Moderate,15
sit-up v. 2,waist,body weight,abs,Beginner,Low,15
sit-up with arms on chest,waist,body weight,abs,Beginner,Low,15
skater hops,cardio,body weight,cardiovascular system,Beginner,High,15
ski ergometer,upper arms,skierg machine,triceps,Advanced,Low,15
ski step,cardio,body weight,cardiovascular system,Beginner,High,15
skin the cat,back,body weight,upper back,Beginner,Low,15
sled 45 degrees one leg press,upper legs,sled machine,glutes,Advanced,Moderate,15
sled 45в° calf press,lower legs,sled machine,calves,Advanced,Moderate,15
sled 45в° leg press,upper legs,sled machine,glutes,Advanced,Moderate,15
sled 45в° leg press (back pov),upper legs,sled machine,glutes,Advanced,Moderate,15
sled 45° leg press (side pov),upper legs,sled machine,glutes,Advanced,Moderate,15
sled 45в° leg wide press,upper legs,sled machine,glutes,Advanced,Moderate,15
sled calf press on leg press,lower legs,sled machine,calves,Advanced,Moderate,15
sled closer hack squat,upper legs,sled machine,glutes,Advanced,Moderate,15
sled forward angled calf raise,lower legs,sled machine,calves,Advanced,Moderate,15
sled hack squat,upper legs,sled machine,glutes,Advanced,Moderate,15
sled lying calf press,lower legs,sled machine,calves,Advanced,Moderate,15
sled lying squat,upper legs,sled machine,glutes,Advanced,Moderate,15
sled one leg calf press on leg press,lower legs,sled machine,calves,Advanced,Moderate,15
sledge hammer,waist,hammer,abs,Advanced,Low,15
smith back shrug,back,smith machine,traps,Advanced,Low,15
smith behind neck press,shoulders,smith machine,delts,Advanced,Moderate,15
smith bench press,chest,smith machine,pectorals,Advanced,Moderate,15
smith bent knee good morning,upper legs,smith machine,glutes,Advanced,Moderate,15
smith bent over row,back,smith machine,upper back,Advanced,High,15
smith chair squat,upper legs,smith machine,quads,Advanced,Moderate,15
smith close-grip bench press,upper arms,smith machine,triceps,Advanced,Moderate,15
smith deadlift,upper legs,smith machine,glutes,Advanced,Moderate,15
smith decline bench press,chest,smith machine,pectorals,Advanced,Moderate,15
smith decline reverse-grip press,chest,smith machine,pectorals,Advanced,Moderate,15
smith front squat (clean grip),upper legs,smith machine,glutes,Advanced,Moderate,15
smith full squat,upper legs,smith machine,glutes,Advanced,Moderate,15
smith hack squat,upper legs,smith machine,glutes,Advanced,Moderate,15
smith hip raise,waist,smith machine,abs,Advanced,Low,15
smith incline bench press,chest,smith machine,pectorals,Advanced,Moderate,15
smith incline reverse-grip press,chest,smith machine,pectorals,Advanced,Moderate,15
smith incline shoulder raises,chest,smith machine,serratus anterior,Advanced,Low,15
smith leg press,upper legs,smith machine,glutes,Advanced,Moderate,15
smith low bar squat,upper legs,smith machine,glutes,Advanced,Moderate,15
smith machine bicep curl,upper arms,smith machine,biceps,Advanced,Low,15
smith machine decline close grip bench press,upper arms,smith machine,triceps,Advanced,Moderate,15
smith machine incline tricep extension,upper arms,smith machine,triceps,Advanced,Low,15
smith machine reverse decline close grip bench press,chest,smith machine,pectorals,Advanced,Moderate,15
smith narrow row,back,smith machine,upper back,Advanced,High,15
smith one arm row,back,smith machine,upper back,Advanced,High,15
smith one leg floor calf raise,lower legs,smith machine,calves,Advanced,Moderate,15
smith rear delt row,shoulders,smith machine,delts,Advanced,High,15
smith reverse calf raises,lower legs,smith machine,calves,Advanced,Moderate,15
smith reverse calf raises,lower legs,smith machine,calves,Advanced,Moderate,15
smith reverse grip bent over row,back,smith machine,upper back,Advanced,High,15
smith reverse-grip press,chest,smith machine,pectorals,Advanced,Moderate,15
smith seated one leg calf raise,lower legs,smith machine,calves,Advanced,Moderate,15
smith seated shoulder press,shoulders,smith machine,delts,Advanced,Moderate,15
smith seated wrist curl,lower arms,smith machine,forearms,Advanced,Low,15
smith shoulder press,shoulders,smith machine,delts,Advanced,Moderate,15
smith shrug,back,smith machine,traps,Advanced,Low,15
smith single leg split squat,upper legs,smith machine,quads,Advanced,Moderate,15
smith sprint lunge,upper legs,smith machine,glutes,Advanced,High,15
smith squat,upper legs,smith machine,glutes,Advanced,Moderate,15
smith standing back wrist curl,lower arms,smith machine,forearms,Advanced,Low,15
smith standing behind head military press,shoulders,smith machine,delts,Advanced,Moderate,15
smith standing leg calf raise,lower legs,smith machine,calves,Advanced,Moderate,15
smith standing military press,shoulders,smith machine,delts,Advanced,Moderate,15
smith sumo squat,upper legs,smith machine,glutes,Advanced,Moderate,15
smith toe raise,lower legs,smith machine,calves,Advanced,Moderate,15
smith upright row,shoulders,smith machine,delts,Advanced,High,15
smith wide grip bench press,chest,smith machine,pectorals,Advanced,Moderate,15
smith wide grip decline bench press,chest,smith machine,pectorals,Advanced,Moderate,15
snatch pull,upper legs,barbell,quads,Intermediate,Moderate,15
spell caster,waist,dumbbell,abs,Intermediate,Low,15
sphinx,back,body weight,spine,Beginner,Low,15
spider crawl push up,upper legs,body weight,glutes,Beginner,Moderate,15
spine stretch,back,body weight,spine,Beginner,Low,15
spine twist,waist,body weight,abs,Beginner,Low,15
split squats,upper legs,body weight,quads,Beginner,Moderate,15
squat jerk,upper legs,barbell,quads,Intermediate,Moderate,15
squat on bosu ball,upper legs,bosu ball,quads,Advanced,Moderate,15
squat to overhead reach,upper legs,body weight,quads,Beginner,Moderate,15
squat to overhead reach with twist,upper legs,body weight,quads,Beginner,Moderate,15
stability ball crunch (full range hands behind head),waist,stability ball,abs,Advanced,High,15
stalder press,upper arms,body weight,triceps,Beginner,Moderate,15
standing archer,back,body weight,upper back,Beginner,Low,15
standing behind neck press,shoulders,barbell,delts,Intermediate,Moderate,15
standing calf raise (on a staircase),lower legs,body weight,calves,Beginner,Moderate,15
standing calves,lower legs,body weight,calves,Beginner,Moderate,15
standing calves calf stretch,lower legs,body weight,calves,Beginner,Moderate,15
standing hamstring and calf stretch with strap,upper legs,rope,hamstrings,Advanced,Moderate,15
standing lateral stretch,back,body weight,lats,Beginner,Low,15
standing pelvic tilt,back,body weight,spine,Beginner,Low,15
standing single leg curl,upper legs,body weight,hamstrings,Beginner,Moderate,15
standing wheel rollerout,waist,wheel roller,abs,Advanced,Low,15
star jump (male),cardio,body weight,cardiovascular system,Beginner,High,15
stationary bike run v. 3,cardio,stationary bike,cardiovascular system,Advanced,High,15
stationary bike walk,cardio,leverage machine,cardiovascular system,Advanced,High,15
straddle maltese,waist,body weight,abs,Beginner,Low,15
straddle planche,waist,body weight,abs,Beginner,Low,15
straight leg outer hip abductor,upper legs,body weight,abductors,Beginner,Moderate,15
superman push-up,chest,body weight,pectorals,Beginner,Low,15
suspended abdominal fallout,waist,body weight,abs,Beginner,Low,15
suspended push-up,chest,body weight,pectorals,Beginner,Low,15
suspended reverse crunch,waist,body weight,abs,Beginner,High,15
suspended row,back,body weight,upper back,Beginner,High,15
suspended split squat,upper legs,body weight,quads,Beginner,Moderate,15
swimmer kicks v. 2 (male),upper legs,body weight,glutes,Beginner,Moderate,15
swing 360,cardio,body weight,cardiovascular system,Beginner,High,15
three bench dip,upper arms,body weight,triceps,Beginner,Low,15
tire flip,upper legs,tire,glutes,Advanced,Moderate,15
trap bar deadlift,upper legs,trap bar,glutes,Advanced,Moderate,15
triceps dip,upper arms,body weight,triceps,Beginner,Low,15
triceps dip (bench leg),upper arms,body weight,triceps,Beginner,Low,15
triceps dip (between benches),upper arms,body weight,triceps,Beginner,Low,15
triceps dips floor,upper arms,body weight,triceps,Beginner,Low,15
triceps press,upper arms,body weight,triceps,Beginner,Moderate,15
triceps stretch,upper arms,body weight,triceps,Beginner,Low,15
tuck crunch,waist,body weight,abs,Beginner,High,15
twin handle parallel grip lat pulldown,back,cable,lats,Intermediate,Low,15
twist hip lift,upper legs,body weight,glutes,Beginner,Moderate,15
twisted leg raise,waist,body weight,abs,Beginner,Low,15
twisted leg raise (female),waist,body weight,abs,Beginner,Low,15
two toe touch (male),back,body weight,spine,Beginner,Low,15
upper back stretch,back,body weight,upper back,Beginner,Low,15
upward facing dog,back,body weight,spine,Beginner,Low,15
v-sit on floor,waist,body weight,abs,Beginner,Low,15
vertical leg raise (on parallel bars),waist,body weight,abs,Beginner,Low,15
walk elliptical cross trainer,cardio,elliptical machine,cardiovascular system,Advanced,High,15
walking high knees lunge,cardio,body weight,cardiovascular system,Beginner,High,15
walking lunge,upper legs,body weight,glutes,Beginner,Moderate,15
walking on incline treadmill,cardio,leverage machine,cardiovascular system,Advanced,High,15
walking on stepmill,cardio,stepmill machine,cardiovascular system,Advanced,High,15
weighted bench dip,upper arms,weighted,triceps,Advanced,Low,15
weighted close grip chin-up on dip cage,back,weighted,lats,Advanced,Low,15
weighted cossack squats (male),upper legs,weighted,glutes,Advanced,Moderate,15
weighted crunch,waist,weighted,abs,Advanced,High,15
weighted decline sit-up,waist,weighted,abs,Advanced,Low,15
weighted donkey calf raise,lower legs,weighted,calves,Advanced,Moderate,15
weighted drop push up,chest,weighted,pectorals,Advanced,Low,15
weighted front plank,waist,weighted,abs,Advanced,Low,15
weighted front raise,shoulders,weighted,delts,Advanced,Low,15
weighted hanging leg-hip raise,waist,weighted,abs,Advanced,Low,15
weighted hyperextension (on stability ball),back,weighted,spine,Advanced,Low,15
weighted kneeling step with swing,shoulders,weighted,delts,Advanced,Low,15
weighted lunge with swing,upper legs,weighted,glutes,Advanced,Moderate,15
weighted muscle up,back,weighted,lats,Advanced,Low,15
weighted muscle up (on bar),back,weighted,lats,Advanced,Low,15
weighted one hand pull up,back,weighted,lats,Advanced,Low,15
weighted overhead crunch (on stability ball),waist,weighted,abs,Advanced,High,15
weighted pull-up,back,weighted,lats,Advanced,Low,15
weighted round arm,shoulders,weighted,delts,Advanced,Low,15
weighted russian twist,waist,weighted,abs,Advanced,Low,15
weighted russian twist (legs up),waist,weighted,abs,Advanced,Low,15
weighted russian twist v. 2,waist,weighted,abs,Advanced,Low,15
weighted seated bicep curl (on stability ball),upper arms,medicine ball,biceps,Advanced,Low,15
weighted seated twist (on stability ball),waist,weighted,abs,Advanced,Low,15
weighted side bend (on stability ball),waist,weighted,abs,Advanced,Low,15
weighted sissy squat,upper legs,weighted,quads,Advanced,Moderate,15
weighted squat,upper legs,weighted,glutes,Advanced,Moderate,15
weighted standing curl,upper arms,weighted,biceps,Advanced,Low,15
weighted standing hand squeeze,lower arms,weighted,forearms,Advanced,Low,15
weighted straight bar dip,chest,weighted,pectorals,Advanced,Low,15
weighted stretch lunge,upper legs,weighted,glutes,Advanced,Moderate,15
weighted svend press,chest,weighted,pectorals,Advanced,Moderate,15
weighted three bench dips,upper arms,weighted,triceps,Advanced,Low,15
weighted tricep dips,upper arms,weighted,triceps,Advanced,Low,15
weighted triceps dip on high parallel bars,upper arms,weighted,triceps,Advanced,Low,15
wheel rollerout,waist,wheel roller,abs,Advanced,Low,15
wheel run,cardio,body weight,cardiovascular system,Beginner,High,15
wide grip pull-up,back,body weight,lats,Beginner,Low,15
wide grip rear pull-up,back,body weight,lats,Beginner,Low,15
wide hand push up,chest,body weight,pectorals,Beginner,Low,15
wide-grip chest dip on high parallel bars,chest,body weight,pectorals,Beginner,Low,15
wind sprints,waist,body weight,abs,Beginner,High,15
world greatest stretch,upper legs,body weight,hamstrings,Beginner,Moderate,15
wrist circles,lower arms,body weight,forearms,Beginner,Low,15
wrist rollerer,lower arms,weighted,forearms,Advanced,Low,15
