name,bodyPart,equipment,target,difficulty
3/4 sit-up,waist,body weight,abs,Beginner
45° side bend,waist,body weight,abs,Beginner
air bike,waist,body weight,abs,Beginner
all fours squad stretch,upper legs,body weight,quads,Beginner
alternate heel touchers,waist,body weight,abs,Beginner
alternate lateral pulldown,back,cable,lats,Intermediate
ankle circles,lower legs,body weight,calves,Beginner
archer pull up,back,body weight,lats,Beginner
archer push up,chest,body weight,pectorals,Beginner
arm slingers hanging bent knee legs,waist,body weight,abs,Beginner
arm slingers hanging straight legs,waist,body weight,abs,Beginner
arms apart circular toe touch (male),upper legs,body weight,glutes,Beginner
arms overhead full sit-up (male),waist,body weight,abs,Beginner
assisted chest dip (kneeling),chest,leverage machine,pectorals,Advanced
assisted hanging knee raise,waist,assisted,abs,Advanced
assisted hanging knee raise with throw down,waist,assisted,abs,Advanced
assisted lying calves stretch,lower legs,assisted,calves,Advanced
assisted lying glutes stretch,upper legs,assisted,glutes,Advanced
assisted lying gluteus and piriformis stretch,upper legs,assisted,glutes,Advanced
assisted lying leg raise with lateral throw down,waist,assisted,abs,Advanced
assisted lying leg raise with throw down,waist,assisted,abs,Advanced
assisted motion russian twist,waist,medicine ball,abs,Advanced
assisted parallel close grip pull-up,back,leverage machine,lats,Advanced
assisted prone hamstring,upper legs,assisted,hamstrings,Advanced
assisted prone lying quads stretch,upper legs,assisted,quads,Advanced
assisted prone rectus femoris stretch,waist,assisted,abs,Advanced
assisted pull-up,back,leverage machine,lats,Advanced
assisted seated pectoralis major stretch with stability ball,chest,assisted,pectorals,Advanced
assisted side lying adductor stretch,upper legs,assisted,adductors,Advanced
assisted sit-up,waist,assisted,abs,Advanced
assisted standing chin-up,back,leverage machine,lats,Advanced
assisted standing pull-up,back,leverage machine,lats,Advanced
assisted standing triceps extension (with towel),upper arms,assisted,triceps,Advanced
assisted triceps dip (kneeling),upper arms,leverage machine,triceps,Advanced
assisted wide-grip chest dip (kneeling),chest,leverage machine,pectorals,Advanced
astride jumps (male),cardio,body weight,cardiovascular system,Beginner
back and forth step,cardio,body weight,cardiovascular system,Beginner
back extension on exercise ball,back,stability ball,spine,Advanced
back lever,back,body weight,upper back,Beginner
back pec stretch,back,body weight,lats,Beginner
backward jump,upper legs,body weight,quads,Beginner
balance board,upper legs,body weight,quads,Beginner
band alternating biceps curl,upper arms,band,biceps,Advanced
band alternating v-up,waist,band,abs,Advanced
band assisted pull-up,back,band,lats,Advanced
band assisted wheel rollerout,waist,band,abs,Advanced
band bench press,chest,band,pectorals,Advanced
band bent-over hip extension,upper legs,band,glutes,Advanced
band bicycle crunch,waist,band,abs,Advanced
band close-grip pulldown,back,band,lats,Advanced
band close-grip push-up,upper arms,band,triceps,Advanced
band concentration curl,upper arms,band,biceps,Advanced
band fixed back close grip pulldown,back,band,lats,Advanced
band fixed back underhand pulldown,back,band,lats,Advanced
band front lateral raise,shoulders,band,delts,Advanced
band front raise,shoulders,band,delts,Advanced
band hip lift,upper legs,band,glutes,Advanced
band horizontal pallof press,waist,band,abs,Advanced
band jack knife sit-up,waist,band,abs,Advanced
band kneeling one arm pulldown,back,band,lats,Advanced
band kneeling twisting crunch,waist,band,abs,Advanced
band lying hip internal rotation,upper legs,band,glutes,Advanced
band lying straight leg raise,waist,band,abs,Advanced
band one arm overhead biceps curl,upper arms,band,biceps,Advanced
band one arm single leg split squat,upper legs,band,quads,Advanced
band one arm standing low row,back,band,upper back,Advanced
band one arm twisting chest press,chest,band,pectorals,Advanced
band one arm twisting seated row,back,band,upper back,Advanced
band pull through,upper legs,band,glutes,Advanced
band push sit-up,waist,band,abs,Advanced
band reverse fly,shoulders,band,delts,Advanced
band reverse wrist curl,lower arms,band,forearms,Advanced
band seated hip internal rotation,upper legs,band,glutes,Advanced
band seated twist,waist,band,abs,Advanced
band shoulder press,shoulders,band,delts,Advanced
band shrug,back,band,traps,Advanced
band side triceps extension,upper arms,band,triceps,Advanced
band single leg calf raise,lower legs,band,calves,Advanced
band single leg reverse calf raise,lower legs,band,calves,Advanced
band single leg split squat,upper legs,band,quads,Advanced
band squat,upper legs,band,glutes,Advanced
band squat row,upper legs,band,glutes,Advanced
band standing crunch,waist,band,abs,Advanced
band standing rear delt row,shoulders,band,delts,Advanced
band standing twisting crunch,waist,band,abs,Advanced
band step-up,upper legs,band,glutes,Advanced
band stiff leg deadlift,upper legs,band,glutes,Advanced
band straight back stiff leg deadlift,upper legs,band,glutes,Advanced
band straight leg deadlift,back,band,spine,Advanced
band twisting overhead press,shoulders,band,delts,Advanced
band two legs calf raise - (band under both legs) v. 2,lower legs,band,calves,Advanced
band underhand pulldown,back,band,lats,Advanced
band v-up,waist,band,abs,Advanced
band vertical pallof press,waist,band,abs,Advanced
band wrist curl,lower arms,band,forearms,Advanced
band y-raise,shoulders,band,delts,Advanced
barbell alternate biceps curl,upper arms,barbell,biceps,Intermediate
barbell bench front squat,upper legs,barbell,quads,Intermediate
barbell bench press,chest,barbell,pectorals,Intermediate
barbell bench squat,upper legs,barbell,quads,Intermediate
barbell bent arm pullover,back,barbell,lats,Intermediate
barbell bent over row,back,barbell,upper back,Intermediate
barbell biceps curl (with arm blaster),upper arms,barbell,biceps,Intermediate
barbell clean and press,upper legs,barbell,quads,Intermediate
barbell clean-grip front squat,upper legs,barbell,glutes,Intermediate
barbell close-grip bench press,upper arms,barbell,triceps,Intermediate
barbell curl,upper arms,barbell,biceps,Intermediate
barbell deadlift,upper legs,barbell,glutes,Intermediate
barbell decline bench press,chest,barbell,pectorals,Intermediate
barbell decline bent arm pullover,back,barbell,lats,Intermediate
barbell decline close grip to skull press,upper arms,barbell,triceps,Intermediate
barbell decline pullover,chest,barbell,pectorals,Intermediate
barbell decline wide-grip press,chest,barbell,pectorals,Intermediate
barbell decline wide-grip pullover,back,barbell,lats,Intermediate
barbell drag curl,upper arms,barbell,biceps,Intermediate
barbell floor calf raise,lower legs,barbell,calves,Intermediate
barbell front chest squat,upper legs,barbell,glutes,Intermediate
barbell front raise,shoulders,barbell,delts,Intermediate
barbell front raise and pullover,chest,barbell,pectorals,Intermediate
barbell front squat,upper legs,barbell,glutes,Intermediate
barbell full squat,upper legs,barbell,glutes,Intermediate
barbell full squat (back pov),upper legs,barbell,glutes,Intermediate
barbell full squat (side pov),upper legs,barbell,glutes,Intermediate
barbell full zercher squat,upper legs,barbell,glutes,Intermediate
barbell glute bridge,upper legs,barbell,glutes,Intermediate
barbell glute bridge two legs on bench (male),upper legs,barbell,glutes,Intermediate
barbell good morning,upper legs,barbell,hamstrings,Intermediate
barbell guillotine bench press,chest,barbell,pectorals,Intermediate
barbell hack squat,upper legs,barbell,glutes,Intermediate
barbell high bar squat,upper legs,barbell,glutes,Intermediate
barbell incline bench press,chest,barbell,pectorals,Intermediate
barbell incline close grip bench press,upper arms,barbell,triceps,Intermediate
barbell incline reverse-grip press,upper arms,barbell,triceps,Intermediate
barbell incline row,back,barbell,upper back,Intermediate
barbell incline shoulder raise,chest,barbell,serratus anterior,Intermediate
barbell jefferson squat,upper legs,barbell,glutes,Intermediate
barbell jm bench press,upper arms,barbell,triceps,Intermediate
barbell jump squat,upper legs,barbell,glutes,Intermediate
barbell lateral lunge,upper legs,barbell,glutes,Intermediate
barbell low bar squat,upper legs,barbell,glutes,Intermediate
barbell lunge,upper legs,barbell,glutes,Intermediate
barbell lying back of the head tricep extension,upper arms,barbell,triceps,Intermediate
barbell lying close-grip press,upper arms,barbell,triceps,Intermediate
barbell lying close-grip triceps extension,upper arms,barbell,triceps,Intermediate
barbell lying extension,upper arms,barbell,triceps,Intermediate
barbell lying lifting (on hip),upper legs,barbell,glutes,Intermediate
barbell lying preacher curl,upper arms,barbell,biceps,Intermediate
barbell lying triceps extension,upper arms,barbell,triceps,Intermediate
barbell lying triceps extension skull crusher,upper arms,barbell,triceps,Intermediate
barbell narrow stance squat,upper legs,barbell,glutes,Intermediate
barbell one arm bent over row,back,barbell,upper back,Intermediate
barbell one arm floor press,upper arms,barbell,triceps,Intermediate
barbell one arm side deadlift,upper legs,barbell,glutes,Intermediate
barbell one arm snatch,shoulders,barbell,delts,Intermediate
barbell one leg squat,upper legs,barbell,quads,Intermediate
barbell overhead squat,upper legs,barbell,quads,Intermediate
barbell palms down wrist curl over a bench,lower arms,barbell,forearms,Intermediate
barbell palms up wrist curl over a bench,lower arms,barbell,forearms,Intermediate
barbell pendlay row,back,barbell,upper back,Intermediate
barbell pin presses,upper arms,barbell,triceps,Intermediate
barbell preacher curl,upper arms,barbell,biceps,Intermediate
barbell press sit-up,waist,barbell,abs,Intermediate
barbell prone incline curl,upper arms,barbell,biceps,Intermediate
barbell pullover,back,barbell,lats,Intermediate
barbell pullover to press,back,barbell,lats,Intermediate
barbell rack pull,upper legs,barbell,glutes,Intermediate
barbell rear delt raise,shoulders,barbell,delts,Intermediate
barbell rear delt row,shoulders,barbell,delts,Intermediate
barbell rear lunge,upper legs,barbell,glutes,Intermediate
barbell rear lunge v. 2,upper legs,barbell,glutes,Intermediate
barbell revers wrist curl v. 2,lower arms,barbell,forearms,Intermediate
barbell reverse close-grip bench press,upper arms,barbell,triceps,Intermediate
barbell reverse curl,upper arms,barbell,biceps,Intermediate
barbell reverse grip bent over row,back,barbell,upper back,Intermediate
barbell reverse grip decline bench press,chest,barbell,pectorals,Intermediate
barbell reverse grip incline bench press,chest,barbell,pectorals,Intermediate
barbell reverse grip incline bench row,back,barbell,upper back,Intermediate
barbell reverse grip skullcrusher,upper arms,barbell,triceps,Intermediate
barbell reverse preacher curl,upper arms,barbell,biceps,Intermediate
barbell reverse wrist curl,lower arms,barbell,forearms,Intermediate
barbell rollerout,waist,barbell,abs,Intermediate
barbell rollerout from bench,waist,barbell,abs,Intermediate
barbell romanian deadlift,upper legs,barbell,glutes,Intermediate
barbell seated behind head military press,shoulders,barbell,delts,Intermediate
barbell seated bradford rocky press,shoulders,barbell,delts,Intermediate
barbell seated calf raise,lower legs,barbell,calves,Intermediate
barbell seated calf raise,lower legs,barbell,calves,Intermediate
barbell seated close grip behind neck triceps extension,upper arms,barbell,triceps,Intermediate
barbell seated close-grip concentration curl,upper arms,barbell,biceps,Intermediate
barbell seated good morning,upper legs,barbell,glutes,Intermediate
barbell seated overhead press,shoulders,barbell,delts,Intermediate
barbell seated overhead triceps extension,upper arms,barbell,triceps,Intermediate
barbell seated twist,waist,barbell,abs,Intermediate
barbell shrug,back,barbell,traps,Intermediate
barbell side bent v. 2,waist,barbell,abs,Intermediate
barbell side split squat,upper legs,barbell,quads,Intermediate
barbell side split squat v. 2,upper legs,barbell,quads,Intermediate
barbell single leg deadlift,upper legs,barbell,glutes,Intermediate
barbell single leg split squat,upper legs,barbell,quads,Intermediate
barbell sitted alternate leg raise,waist,barbell,abs,Intermediate
barbell sitted alternate leg raise (female),waist,barbell,abs,Intermediate
barbell skier,shoulders,barbell,delts,Intermediate
barbell speed squat,upper legs,barbell,glutes,Intermediate
barbell split squat v. 2,upper legs,barbell,quads,Intermediate
barbell squat (on knees),upper legs,barbell,quads,Intermediate
barbell squat jump step rear lunge,upper legs,barbell,quads,Intermediate
barbell standing ab rollerout,waist,barbell,abs,Intermediate
barbell standing back wrist curl,lower arms,barbell,forearms,Intermediate
barbell standing bradford press,shoulders,barbell,delts,Intermediate
barbell standing calf raise,lower legs,barbell,calves,Intermediate
barbell standing close grip curl,upper arms,barbell,biceps,Intermediate
barbell standing close grip military press,shoulders,barbell,delts,Intermediate
barbell standing concentration curl,upper arms,barbell,biceps,Intermediate
barbell standing front raise over head,shoulders,barbell,delts,Intermediate
barbell standing leg calf raise,lower legs,barbell,calves,Intermediate
barbell standing overhead triceps extension,upper arms,barbell,triceps,Intermediate
barbell standing reverse grip curl,upper arms,barbell,biceps,Intermediate
barbell standing rocking leg calf raise,lower legs,barbell,calves,Intermediate
barbell standing twist,waist,barbell,abs,Intermediate
barbell standing wide grip biceps curl,upper arms,barbell,biceps,Intermediate
barbell standing wide military press,shoulders,barbell,delts,Intermediate
barbell standing wide-grip curl,upper arms,barbell,biceps,Intermediate
barbell step-up,upper legs,barbell,glutes,Intermediate
barbell stiff leg good morning,upper legs,barbell,glutes,Intermediate
barbell straight leg deadlift,upper legs,barbell,hamstrings,Intermediate
barbell sumo deadlift,upper legs,barbell,glutes,Intermediate
barbell thruster,shoulders,barbell,delts,Intermediate
barbell upright row,shoulders,barbell,delts,Intermediate
barbell upright row v. 2,shoulders,barbell,delts,Intermediate
barbell upright row v. 3,shoulders,barbell,delts,Intermediate
barbell wide bench press,chest,barbell,pectorals,Intermediate
barbell wide reverse grip bench press,chest,barbell,pectorals,Intermediate
barbell wide squat,upper legs,barbell,quads,Intermediate
barbell wide-grip upright row,shoulders,barbell,delts,Intermediate
barbell wrist curl,lower arms,barbell,forearms,Intermediate
barbell wrist curl v. 2,lower arms,barbell,forearms,Intermediate
barbell zercher squat,upper legs,barbell,glutes,Intermediate
basic toe touch (male),upper legs,body weight,glutes,Beginner
battling ropes,shoulders,rope,delts,Advanced
bear crawl,cardio,body weight,cardiovascular system,Beginner
behind head chest stretch,chest,assisted,pectorals,Advanced
bench dip (knees bent),upper arms,body weight,triceps,Beginner
bench dip on floor,upper arms,body weight,triceps,Beginner
bench hip extension,upper legs,body weight,glutes,Beginner
bench pull-ups,back,body weight,lats,Beginner
bent knee lying twist (male),upper legs,body weight,glutes,Beginner
biceps leg concentration curl,upper arms,body weight,biceps,Beginner
biceps narrow pull-ups,upper arms,body weight,biceps,Beginner
biceps pull-up,upper arms,body weight,biceps,Beginner
body-up,upper arms,body weight,triceps,Beginner
bodyweight drop jump squat,upper legs,body weight,glutes,Beginner
bodyweight incline side plank,waist,body weight,abs,Beginner
bodyweight kneeling triceps extension,upper arms,body weight,triceps,Beginner
bodyweight side lying biceps curl,upper arms,body weight,biceps,Beginner
bodyweight squatting row,back,body weight,upper back,Beginner
bodyweight squatting row (with towel),back,body weight,upper back,Beginner
bodyweight standing calf raise,lower legs,body weight,calves,Beginner
bodyweight standing close-grip one arm row,back,body weight,upper back,Beginner
bodyweight standing close-grip row,back,body weight,upper back,Beginner
bodyweight standing one arm row,back,body weight,upper back,Beginner
bodyweight standing one arm row (with towel),back,body weight,upper back,Beginner
bodyweight standing row,back,body weight,upper back,Beginner
bodyweight standing row (with towel),back,body weight,upper back,Beginner
bottoms-up,waist,body weight,abs,Beginner
box jump down with one leg stabilization,lower legs,body weight,calves,Beginner
bridge - mountain climber (cross body),waist,body weight,abs,Beginner
burpee,cardio,body weight,cardiovascular system,Beginner
butt-ups,waist,body weight,abs,Beginner
butterfly yoga pose,upper legs,body weight,adductors,Beginner
cable alternate shoulder press,shoulders,cable,delts,Intermediate
cable alternate triceps extension,upper arms,cable,triceps,Intermediate
cable assisted inverse leg curl,upper legs,cable,hamstrings,Intermediate
cable bar lateral pulldown,back,cable,lats,Intermediate
cable bench press,chest,cable,pectorals,Intermediate
cable close grip curl,upper arms,cable,biceps,Intermediate
cable concentration curl,upper arms,cable,biceps,Intermediate
cable concentration extension (on knee),upper arms,cable,triceps,Intermediate
cable cross-over lateral pulldown,back,cable,lats,Intermediate
cable cross-over revers fly,shoulders,cable,delts,Intermediate
cable cross-over variation,chest,cable,pectorals,Intermediate
cable curl,upper arms,cable,biceps,Intermediate
cable deadlift,upper legs,cable,glutes,Intermediate
cable decline fly,chest,cable,pectorals,Intermediate
cable decline one arm press,chest,cable,pectorals,Intermediate
cable decline press,chest,cable,pectorals,Intermediate
cable decline seated wide-grip row,back,cable,upper back,Intermediate
cable drag curl,upper arms,cable,biceps,Intermediate
cable floor seated wide-grip row,back,cable,upper back,Intermediate
cable forward raise,shoulders,cable,delts,Intermediate
cable front raise,shoulders,cable,delts,Intermediate
cable front shoulder raise,shoulders,cable,delts,Intermediate
cable hammer curl (with rope),upper arms,cable,biceps,Intermediate
cable high pulley overhead tricep extension,upper arms,cable,triceps,Intermediate
cable high row (kneeling),back,cable,upper back,Intermediate
cable hip adduction,upper legs,cable,adductors,Intermediate
cable incline bench press,chest,cable,pectorals,Intermediate
cable incline bench row,back,cable,upper back,Intermediate
cable incline fly,chest,cable,pectorals,Intermediate
cable incline fly (on stability ball),chest,cable,pectorals,Intermediate
cable incline pushdown,back,cable,lats,Intermediate
cable incline triceps extension,upper arms,cable,triceps,Intermediate
cable judo flip,waist,cable,abs,Intermediate
cable kickback,upper arms,cable,triceps,Intermediate
cable kneeling crunch,waist,cable,abs,Intermediate
cable kneeling rear delt row (with rope) (male),shoulders,cable,delts,Intermediate
cable kneeling triceps extension,upper arms,cable,triceps,Intermediate
cable lat pulldown full range of motion,back,cable,lats,Intermediate
cable lateral pulldown (with rope attachment),back,cable,lats,Intermediate
cable lateral pulldown with v-bar,back,cable,lats,Intermediate
cable lateral raise,shoulders,cable,delts,Intermediate
cable low fly,chest,cable,pectorals,Intermediate
cable low seated row,back,cable,upper back,Intermediate
cable lying bicep curl,upper arms,cable,biceps,Intermediate
cable lying close-grip curl,upper arms,cable,biceps,Intermediate
cable lying extension pullover (with rope attachment),back,cable,lats,Intermediate
cable lying fly,chest,cable,pectorals,Intermediate
cable lying triceps extension v. 2,upper arms,cable,triceps,Intermediate
cable middle fly,chest,cable,pectorals,Intermediate
cable one arm bent over row,back,cable,upper back,Intermediate
cable one arm curl,upper arms,cable,biceps,Intermediate
cable one arm decline chest fly,chest,cable,pectorals,Intermediate
cable one arm fly on exercise ball,chest,cable,pectorals,Intermediate
cable one arm incline fly on exercise ball,chest,cable,pectorals,Intermediate
cable one arm incline press,chest,cable,pectorals,Intermediate
cable one arm incline press on exercise ball,chest,cable,pectorals,Intermediate
cable one arm lateral bent-over,chest,cable,pectorals,Intermediate
cable one arm lateral raise,shoulders,cable,delts,Intermediate
cable one arm preacher curl,upper arms,cable,biceps,Intermediate
cable one arm press on exercise ball,chest,cable,pectorals,Intermediate
cable one arm pulldown,back,cable,lats,Intermediate
cable one arm reverse preacher curl,upper arms,cable,biceps,Intermediate
cable one arm straight back high row (kneeling),back,cable,upper back,Intermediate
cable one arm tricep pushdown,upper arms,cable,triceps,Intermediate
cable overhead curl,upper arms,cable,biceps,Intermediate
cable overhead curl on exercise ball,upper arms,cable,biceps,Intermediate
cable overhead triceps extension (rope attachment),upper arms,cable,triceps,Intermediate
cable palm rotational row,back,cable,upper back,Intermediate
cable preacher curl,upper arms,cable,biceps,Intermediate
cable press on exercise ball,chest,cable,pectorals,Intermediate
cable pull through (with rope),upper legs,cable,glutes,Intermediate
cable pulldown,back,cable,lats,Intermediate
cable pulldown (pro lat bar),back,cable,lats,Intermediate
cable pulldown bicep curl,upper arms,cable,biceps,Intermediate
cable pushdown,upper arms,cable,triceps,Intermediate
cable pushdown (straight arm) v. 2,back,cable,lats,Intermediate
cable pushdown (with rope attachment),upper arms,cable,triceps,Intermediate
cable rear delt row (stirrups),shoulders,cable,delts,Intermediate
cable rear delt row (with rope),shoulders,cable,delts,Intermediate
cable rear drive,upper arms,cable,triceps,Intermediate
cable rear pulldown,back,cable,lats,Intermediate
cable reverse crunch,waist,cable,abs,Intermediate
cable reverse curl,upper arms,cable,biceps,Intermediate
cable reverse grip triceps pushdown (sz-bar) (with arm blaster),upper arms,cable,triceps,Intermediate
cable reverse one arm curl,upper arms,cable,biceps,Intermediate
cable reverse preacher curl,upper arms,cable,biceps,Intermediate
cable reverse wrist curl,lower arms,cable,forearms,Intermediate
cable reverse-grip pushdown,upper arms,cable,triceps,Intermediate
cable reverse-grip straight back seated high row,back,cable,upper back,Intermediate
cable rope crossover seated row,back,cable,upper back,Intermediate
cable rope elevated seated row,back,cable,upper back,Intermediate
cable rope extension incline bench row,back,cable,upper back,Intermediate
cable rope hammer preacher curl,upper arms,cable,biceps,Intermediate
cable rope high pulley overhead tricep extension,upper arms,cable,triceps,Intermediate
cable rope incline tricep extension,upper arms,cable,triceps,Intermediate
cable rope lying on floor tricep extension,upper arms,cable,triceps,Intermediate
cable rope one arm hammer preacher curl,upper arms,cable,biceps,Intermediate
cable rope seated row,back,cable,upper back,Intermediate
cable russian twists (on stability ball),waist,cable,abs,Intermediate
cable seated chest press,chest,cable,pectorals,Intermediate
cable seated crunch,waist,cable,abs,Intermediate
cable seated curl,upper arms,cable,biceps,Intermediate
cable seated high row (v-bar),back,cable,lats,Intermediate
cable seated one arm alternate row,back,cable,upper back,Intermediate
cable seated one arm concentration curl,upper arms,cable,biceps,Intermediate
cable seated overhead curl,upper arms,cable,biceps,Intermediate
cable seated rear lateral raise,shoulders,cable,delts,Intermediate
cable seated row,back,cable,upper back,Intermediate
cable seated shoulder internal rotation,shoulders,cable,delts,Intermediate
cable seated twist,waist,cable,abs,Intermediate
cable seated wide-grip row,back,cable,upper back,Intermediate
cable shoulder press,shoulders,cable,delts,Intermediate
cable shrug,back,cable,traps,Intermediate
cable side bend,waist,cable,abs,Intermediate
cable side bend crunch (bosu ball),waist,cable,abs,Intermediate
cable side crunch,waist,cable,abs,Intermediate
cable squat row (with rope attachment),back,cable,lats,Intermediate
cable squatting curl,upper arms,cable,biceps,Intermediate
cable standing back wrist curl,lower arms,cable,forearms,Intermediate
cable standing calf raise,lower legs,cable,calves,Intermediate
cable standing cross-over high reverse fly,shoulders,cable,delts,Intermediate
cable standing crunch,waist,cable,abs,Intermediate
cable standing crunch (with rope attachment),waist,cable,abs,Intermediate
cable standing fly,chest,cable,pectorals,Intermediate
cable standing hip extension,upper legs,cable,glutes,Intermediate
cable standing inner curl,upper arms,cable,biceps,Intermediate
cable standing lift,waist,cable,abs,Intermediate
cable standing one arm triceps extension,upper arms,cable,triceps,Intermediate
cable standing one leg calf raise,lower legs,cable,calves,Intermediate
cable standing pulldown (with rope),upper arms,cable,biceps,Intermediate
cable standing rear delt row (with rope),shoulders,cable,delts,Intermediate
cable standing reverse grip one arm overhead tricep extension,upper arms,cable,triceps,Intermediate
cable standing row (v-bar),back,cable,upper back,Intermediate
cable standing shoulder external rotation,shoulders,cable,delts,Intermediate
cable standing twist row (v-bar),back,cable,upper back,Intermediate
cable standing up straight crossovers,chest,cable,pectorals,Intermediate
cable straight arm pulldown,back,cable,lats,Intermediate
cable straight arm pulldown (with rope),back,cable,lats,Intermediate
cable straight back seated row,back,cable,upper back,Intermediate
cable supine reverse fly,shoulders,cable,delts,Intermediate
cable thibaudeau kayak row,back,cable,lats,Intermediate
cable triceps pushdown (v-bar),upper arms,cable,triceps,Intermediate
cable triceps pushdown (v-bar) (with arm blaster),upper arms,cable,triceps,Intermediate
cable tuck reverse crunch,waist,cable,abs,Intermediate
cable twist,waist,cable,abs,Intermediate
cable twist (up-down),waist,cable,abs,Intermediate
cable twisting pull,back,cable,lats,Intermediate
cable two arm curl on incline bench,upper arms,cable,biceps,Intermediate
cable two arm tricep kickback,upper arms,cable,triceps,Intermediate
cable underhand pulldown,back,cable,lats,Intermediate
cable upper chest crossovers,chest,cable,pectorals,Intermediate
cable upper row,back,cable,upper back,Intermediate
cable upright row,shoulders,cable,delts,Intermediate
cable wide grip rear pulldown behind neck,back,cable,lats,Intermediate
cable wrist curl,lower arms,cable,forearms,Intermediate
calf push stretch with hands against wall,lower legs,body weight,calves,Beginner
calf stretch with hands against wall,lower legs,body weight,calves,Beginner
calf stretch with rope,lower legs,rope,calves,Advanced
cambered bar lying row,back,barbell,upper back,Intermediate
captains chair straight leg raise,waist,body weight,abs,Beginner
chair leg extended stretch,upper legs,body weight,quads,Beginner
chest and front of shoulder stretch,chest,body weight,pectorals,Beginner
chest dip,chest,body weight,pectorals,Beginner
chest dip (on dip-pull-up cage),chest,body weight,pectorals,Beginner
chest dip on straight bar,chest,body weight,pectorals,Beginner
chest stretch with exercise ball,chest,stability ball,pectorals,Advanced
chest tap push-up (male),chest,body weight,pectorals,Beginner
chin-up,back,body weight,lats,Beginner
chin-ups (narrow parallel grip),back,body weight,upper back,Beginner
circles knee stretch,lower legs,body weight,calves,Beginner
clap push up,chest,body weight,pectorals,Beginner
clock push-up,chest,body weight,pectorals,Beginner
close grip chin-up,back,body weight,lats,Beginner
close-grip push-up,upper arms,body weight,triceps,Beginner
close-grip push-up (on knees),upper arms,body weight,triceps,Beginner
cocoons,waist,body weight,abs,Beginner
crab twist toe touch,waist,body weight,abs,Beginner
cross body crunch,waist,body weight,abs,Beginner
crunch (hands overhead),waist,body weight,abs,Beginner
crunch (on stability ball),waist,stability ball,abs,Advanced
"crunch (on stability ball, arms straight)",waist,stability ball,abs,Advanced
crunch floor,waist,body weight,abs,Beginner
curl-up,waist,body weight,abs,Beginner
curtsey squat,upper legs,body weight,glutes,Beginner
cycle cross trainer,cardio,leverage machine,cardiovascular system,Advanced
dead bug,waist,body weight,abs,Beginner
decline crunch,waist,body weight,abs,Beginner
decline push-up,chest,body weight,pectorals,Beginner
decline sit-up,waist,body weight,abs,Beginner
deep push up,chest,dumbbell,pectorals,Intermediate
diamond push-up,upper arms,body weight,triceps,Beginner
donkey calf raise,lower legs,body weight,calves,Beginner
drop push up,chest,body weight,pectorals,Beginner
dumbbell alternate biceps curl,upper arms,dumbbell,biceps,Intermediate
dumbbell alternate biceps curl (with arm blaster),upper arms,dumbbell,biceps,Intermediate
dumbbell alternate hammer preacher curl,upper arms,dumbbell,biceps,Intermediate
dumbbell alternate preacher curl,upper arms,dumbbell,biceps,Intermediate
dumbbell alternate seated hammer curl,upper arms,dumbbell,biceps,Intermediate
dumbbell alternate side press,shoulders,dumbbell,delts,Intermediate
dumbbell alternating bicep curl with leg raised on exercise ball,upper arms,dumbbell,biceps,Intermediate
dumbbell alternating seated bicep curl on exercise ball,upper arms,dumbbell,biceps,Intermediate
dumbbell arnold press,shoulders,dumbbell,delts,Intermediate
dumbbell arnold press v. 2,shoulders,dumbbell,delts,Intermediate
dumbbell around pullover,chest,dumbbell,pectorals,Intermediate
dumbbell bench press,chest,dumbbell,pectorals,Intermediate
dumbbell bench seated press,shoulders,dumbbell,delts,Intermediate
dumbbell bench squat,upper legs,dumbbell,glutes,Intermediate
dumbbell bent over row,back,dumbbell,upper back,Intermediate
dumbbell bicep curl lunge with bowling motion,upper arms,dumbbell,biceps,Intermediate
dumbbell bicep curl on exercise ball with leg raised,upper arms,dumbbell,biceps,Intermediate
dumbbell bicep curl with stork stance,upper arms,dumbbell,biceps,Intermediate
dumbbell biceps curl,upper arms,dumbbell,biceps,Intermediate
dumbbell biceps curl (with arm blaster),upper arms,dumbbell,biceps,Intermediate
dumbbell biceps curl reverse,upper arms,dumbbell,biceps,Intermediate
dumbbell biceps curl squat,upper arms,dumbbell,biceps,Intermediate
dumbbell biceps curl v sit on bosu ball,upper arms,dumbbell,biceps,Intermediate
dumbbell burpee,cardio,dumbbell,cardiovascular system,Intermediate
dumbbell clean,upper legs,dumbbell,glutes,Intermediate
dumbbell close grip press,upper arms,dumbbell,triceps,Intermediate
dumbbell close-grip press,upper arms,dumbbell,triceps,Intermediate
dumbbell concentration curl,upper arms,dumbbell,biceps,Intermediate
dumbbell contralateral forward lunge,upper legs,dumbbell,glutes,Intermediate
dumbbell cross body hammer curl,upper arms,dumbbell,biceps,Intermediate
dumbbell cross body hammer curl v. 2,upper arms,dumbbell,biceps,Intermediate
dumbbell cuban press,shoulders,dumbbell,delts,Intermediate
dumbbell cuban press v. 2,shoulders,dumbbell,delts,Intermediate
dumbbell deadlift,upper legs,dumbbell,glutes,Intermediate
dumbbell decline bench press,chest,dumbbell,pectorals,Intermediate
dumbbell decline fly,chest,dumbbell,pectorals,Intermediate
dumbbell decline hammer press,chest,dumbbell,pectorals,Intermediate
dumbbell decline one arm fly,chest,dumbbell,pectorals,Intermediate
dumbbell decline one arm hammer press,upper arms,dumbbell,triceps,Intermediate
dumbbell decline shrug,back,dumbbell,traps,Intermediate
dumbbell decline shrug v. 2,back,dumbbell,traps,Intermediate
dumbbell decline triceps extension,upper arms,dumbbell,triceps,Intermediate
dumbbell decline twist fly,chest,dumbbell,pectorals,Intermediate
dumbbell finger curls,lower arms,dumbbell,forearms,Intermediate
dumbbell fly,chest,dumbbell,pectorals,Intermediate
dumbbell fly on exercise ball,chest,dumbbell,pectorals,Intermediate
dumbbell forward lunge triceps extension,upper arms,dumbbell,triceps,Intermediate
dumbbell front raise,shoulders,dumbbell,delts,Intermediate
dumbbell front raise v. 2,shoulders,dumbbell,delts,Intermediate
dumbbell full can lateral raise,shoulders,dumbbell,delts,Intermediate
dumbbell goblet squat,upper legs,dumbbell,quads,Intermediate
dumbbell hammer curl,upper arms,dumbbell,biceps,Intermediate
dumbbell hammer curl on exercise ball,upper arms,dumbbell,biceps,Intermediate
dumbbell hammer curl v. 2,upper arms,dumbbell,biceps,Intermediate
dumbbell hammer curls (with arm blaster),upper arms,dumbbell,biceps,Intermediate
dumbbell high curl,upper arms,dumbbell,biceps,Intermediate
dumbbell incline alternate press,chest,dumbbell,pectorals,Intermediate
dumbbell incline bench press,chest,dumbbell,pectorals,Intermediate
dumbbell incline biceps curl,upper arms,dumbbell,biceps,Intermediate
dumbbell incline breeding,chest,dumbbell,pectorals,Intermediate
dumbbell incline curl,upper arms,dumbbell,biceps,Intermediate
dumbbell incline curl v. 2,upper arms,dumbbell,biceps,Intermediate
dumbbell incline fly,chest,dumbbell,pectorals,Intermediate
dumbbell incline fly on exercise ball,chest,dumbbell,pectorals,Intermediate
dumbbell incline hammer curl,upper arms,dumbbell,biceps,Intermediate
dumbbell incline hammer press,chest,dumbbell,pectorals,Intermediate
dumbbell incline hammer press on exercise ball,upper arms,dumbbell,triceps,Intermediate
dumbbell incline inner biceps curl,upper arms,dumbbell,biceps,Intermediate
dumbbell incline one arm fly,chest,dumbbell,pectorals,Intermediate
dumbbell incline one arm fly on exercise ball,chest,dumbbell,pectorals,Intermediate
dumbbell incline one arm hammer press,upper arms,dumbbell,triceps,Intermediate
dumbbell incline one arm hammer press on exercise ball,upper arms,dumbbell,triceps,Intermediate
dumbbell incline one arm lateral raise,shoulders,dumbbell,delts,Intermediate
dumbbell incline one arm press,chest,dumbbell,pectorals,Intermediate
dumbbell incline one arm press on exercise ball,chest,dumbbell,pectorals,Intermediate
dumbbell incline palm-in press,chest,dumbbell,pectorals,Intermediate
dumbbell incline press on exercise ball,chest,dumbbell,pectorals,Intermediate
dumbbell incline raise,shoulders,dumbbell,delts,Intermediate
dumbbell incline rear lateral raise,shoulders,dumbbell,delts,Intermediate
dumbbell incline row,back,dumbbell,upper back,Intermediate
dumbbell incline shoulder raise,chest,dumbbell,serratus anterior,Intermediate
dumbbell incline shrug,back,dumbbell,traps,Intermediate
dumbbell incline t-raise,shoulders,dumbbell,delts,Intermediate
dumbbell incline triceps extension,upper arms,dumbbell,triceps,Intermediate
dumbbell incline twisted flyes,chest,dumbbell,pectorals,Intermediate
dumbbell incline two arm extension,upper arms,dumbbell,triceps,Intermediate
dumbbell incline y-raise,back,dumbbell,upper back,Intermediate
dumbbell iron cross,shoulders,dumbbell,delts,Intermediate
dumbbell kickback,upper arms,dumbbell,triceps,Intermediate
dumbbell kickbacks on exercise ball,upper arms,dumbbell,triceps,Intermediate
dumbbell kneeling bicep curl exercise ball,upper arms,dumbbell,biceps,Intermediate
dumbbell lateral raise,shoulders,dumbbell,delts,Intermediate
dumbbell lateral to front raise,shoulders,dumbbell,delts,Intermediate
dumbbell lunge,upper legs,dumbbell,glutes,Intermediate
dumbbell lunge with bicep curl,upper arms,dumbbell,biceps,Intermediate
dumbbell lying extension (across face),upper arms,dumbbell,triceps,Intermediate
dumbbell lying alternate extension,upper arms,dumbbell,triceps,Intermediate
dumbbell lying elbow press,upper arms,dumbbell,triceps,Intermediate
dumbbell lying external shoulder rotation,shoulders,dumbbell,delts,Intermediate
dumbbell lying femoral,upper legs,dumbbell,hamstrings,Intermediate
dumbbell lying hammer press,chest,dumbbell,pectorals,Intermediate
dumbbell lying on floor rear delt raise,shoulders,dumbbell,delts,Intermediate
dumbbell lying one arm deltoid rear,shoulders,dumbbell,delts,Intermediate
dumbbell lying one arm press,chest,dumbbell,pectorals,Intermediate
dumbbell lying one arm press v. 2,chest,dumbbell,pectorals,Intermediate
dumbbell lying one arm pronated triceps extension,upper arms,dumbbell,triceps,Intermediate
dumbbell lying one arm rear lateral raise,shoulders,dumbbell,delts,Intermediate
dumbbell lying one arm supinated triceps extension,upper arms,dumbbell,triceps,Intermediate
dumbbell lying pronation,lower arms,dumbbell,forearms,Intermediate
dumbbell lying pronation on floor,lower arms,dumbbell,forearms,Intermediate
dumbbell lying pullover on exercise ball,chest,dumbbell,pectorals,Intermediate
dumbbell lying rear delt row,back,dumbbell,upper back,Intermediate
dumbbell lying rear lateral raise,shoulders,dumbbell,delts,Intermediate
dumbbell lying single extension,upper arms,dumbbell,triceps,Intermediate
dumbbell lying supination,lower arms,dumbbell,forearms,Intermediate
dumbbell lying supination on floor,lower arms,dumbbell,forearms,Intermediate
dumbbell lying supine biceps curl,upper arms,dumbbell,biceps,Intermediate
dumbbell lying supine curl,upper arms,dumbbell,biceps,Intermediate
dumbbell lying triceps extension,upper arms,dumbbell,triceps,Intermediate
dumbbell lying wide curl,upper arms,dumbbell,biceps,Intermediate
dumbbell neutral grip bench press,upper arms,dumbbell,triceps,Intermediate
dumbbell one arm bench fly,chest,dumbbell,pectorals,Intermediate
dumbbell one arm bent-over row,back,dumbbell,upper back,Intermediate
dumbbell one arm chest fly on exercise ball,chest,dumbbell,pectorals,Intermediate
dumbbell one arm concentration curl (on stability ball),upper arms,dumbbell,biceps,Intermediate
dumbbell one arm decline chest press,chest,dumbbell,pectorals,Intermediate
dumbbell one arm fly on exercise ball,chest,dumbbell,pectorals,Intermediate
dumbbell one arm french press on exercise ball,upper arms,dumbbell,triceps,Intermediate
dumbbell one arm hammer preacher curl,upper arms,dumbbell,biceps,Intermediate
dumbbell one arm hammer press on exercise ball,upper arms,dumbbell,triceps,Intermediate
dumbbell one arm incline chest press,chest,dumbbell,pectorals,Intermediate
dumbbell one arm kickback,upper arms,dumbbell,triceps,Intermediate
dumbbell one arm lateral raise,shoulders,dumbbell,delts,Intermediate
dumbbell one arm lateral raise with support,shoulders,dumbbell,delts,Intermediate
dumbbell one arm press on exercise ball,chest,dumbbell,pectorals,Intermediate
dumbbell one arm prone curl,upper arms,dumbbell,biceps,Intermediate
dumbbell one arm prone hammer curl,upper arms,dumbbell,biceps,Intermediate
dumbbell one arm pullover on exercise ball,chest,dumbbell,pectorals,Intermediate
dumbbell one arm reverse wrist curl,lower arms,dumbbell,forearms,Intermediate
dumbbell one arm reverse fly (with support),shoulders,dumbbell,delts,Intermediate
dumbbell one arm reverse grip press,chest,dumbbell,pectorals,Intermediate
dumbbell one arm reverse preacher curl,upper arms,dumbbell,biceps,Intermediate
dumbbell one arm reverse spider curl,upper arms,dumbbell,biceps,Intermediate
dumbbell one arm seated bicep curl on exercise ball,upper arms,dumbbell,biceps,Intermediate
dumbbell one arm seated hammer curl,upper arms,dumbbell,biceps,Intermediate
dumbbell one arm seated neutral wrist curl,lower arms,dumbbell,forearms,Intermediate
dumbbell one arm shoulder press,shoulders,dumbbell,delts,Intermediate
dumbbell one arm shoulder press v. 2,shoulders,dumbbell,delts,Intermediate
dumbbell one arm snatch,upper legs,dumbbell,glutes,Intermediate
dumbbell one arm standing curl,upper arms,dumbbell,biceps,Intermediate
dumbbell one arm standing hammer curl,upper arms,dumbbell,biceps,Intermediate
dumbbell one arm triceps extension (on bench),upper arms,dumbbell,triceps,Intermediate
dumbbell one arm upright row,shoulders,dumbbell,delts,Intermediate
dumbbell one arm wrist curl,lower arms,dumbbell,forearms,Intermediate
dumbbell one arm zottman preacher curl,upper arms,dumbbell,biceps,Intermediate
dumbbell one leg fly on exercise ball,chest,dumbbell,pectorals,Intermediate
dumbbell over bench neutral wrist curl,upper arms,dumbbell,biceps,Intermediate
dumbbell over bench one arm neutral wrist curl,upper arms,dumbbell,biceps,Intermediate
dumbbell over bench one arm reverse wrist curl,lower arms,dumbbell,forearms,Intermediate
dumbbell over bench one arm wrist curl,lower arms,dumbbell,forearms,Intermediate
dumbbell over bench revers wrist curl,lower arms,dumbbell,forearms,Intermediate
dumbbell over bench wrist curl,lower arms,dumbbell,forearms,Intermediate
dumbbell palm rotational bent over row,back,dumbbell,upper back,Intermediate
dumbbell palms in incline bench press,upper arms,dumbbell,triceps,Intermediate
dumbbell peacher hammer curl,upper arms,dumbbell,biceps,Intermediate
dumbbell plyo squat,upper legs,dumbbell,glutes,Intermediate
dumbbell preacher curl,upper arms,dumbbell,biceps,Intermediate
dumbbell preacher curl over exercise ball,upper arms,dumbbell,biceps,Intermediate
dumbbell press on exercise ball,chest,dumbbell,pectorals,Intermediate
dumbbell pronate-grip triceps extension,upper arms,dumbbell,triceps,Intermediate
dumbbell prone incline curl,upper arms,dumbbell,biceps,Intermediate
dumbbell prone incline hammer curl,upper arms,dumbbell,biceps,Intermediate
dumbbell pullover,chest,dumbbell,pectorals,Intermediate
dumbbell pullover hip extension on exercise ball,chest,dumbbell,pectorals,Intermediate
dumbbell pullover on exercise ball,chest,dumbbell,pectorals,Intermediate
dumbbell push press,shoulders,dumbbell,delts,Intermediate
dumbbell raise,shoulders,dumbbell,delts,Intermediate
dumbbell rear delt raise,shoulders,dumbbell,delts,Intermediate
dumbbell rear delt row_shoulder,shoulders,dumbbell,delts,Intermediate
dumbbell rear fly,shoulders,dumbbell,delts,Intermediate
dumbbell rear lateral raise,shoulders,dumbbell,delts,Intermediate
dumbbell rear lateral raise (support head),shoulders,dumbbell,delts,Intermediate
dumbbell rear lunge,upper legs,dumbbell,glutes,Intermediate
dumbbell revers grip biceps curl,upper arms,dumbbell,biceps,Intermediate
dumbbell reverse bench press,chest,dumbbell,pectorals,Intermediate
dumbbell reverse fly,shoulders,dumbbell,delts,Intermediate
dumbbell reverse grip incline bench one arm row,back,dumbbell,upper back,Intermediate
dumbbell reverse grip incline bench two arm row,back,dumbbell,upper back,Intermediate
dumbbell reverse grip row (female),back,dumbbell,upper back,Intermediate
dumbbell reverse preacher curl,upper arms,dumbbell,biceps,Intermediate
dumbbell reverse spider curl,upper arms,dumbbell,biceps,Intermediate
dumbbell reverse wrist curl,lower arms,dumbbell,forearms,Intermediate
dumbbell romanian deadlift,upper legs,dumbbell,glutes,Intermediate
dumbbell rotation reverse fly,shoulders,dumbbell,delts,Intermediate
dumbbell scott press,shoulders,dumbbell,delts,Intermediate
dumbbell seated alternate front raise,shoulders,dumbbell,delts,Intermediate
dumbbell seated alternate hammer curl on exercise ball,upper arms,dumbbell,biceps,Intermediate
dumbbell seated alternate press,shoulders,dumbbell,delts,Intermediate
dumbbell seated alternate shoulder,shoulders,dumbbell,delts,Intermediate
dumbbell seated bench extension,upper arms,dumbbell,triceps,Intermediate
dumbbell seated bent arm lateral raise,shoulders,dumbbell,delts,Intermediate
dumbbell seated bent over alternate kickback,upper arms,dumbbell,triceps,Intermediate
dumbbell seated bent over triceps extension,upper arms,dumbbell,triceps,Intermediate
dumbbell seated bicep curl,upper arms,dumbbell,biceps,Intermediate
dumbbell seated biceps curl (on stability ball),upper arms,dumbbell,biceps,Intermediate
dumbbell seated biceps curl to shoulder press,upper arms,dumbbell,biceps,Intermediate
dumbbell seated calf raise,lower legs,dumbbell,calves,Intermediate
dumbbell seated curl,upper arms,dumbbell,biceps,Intermediate
dumbbell seated front raise,shoulders,dumbbell,delts,Intermediate
dumbbell seated hammer curl,upper arms,dumbbell,biceps,Intermediate
dumbbell seated inner biceps curl,upper arms,dumbbell,biceps,Intermediate
dumbbell seated kickback,upper arms,dumbbell,triceps,Intermediate
dumbbell seated lateral raise,shoulders,dumbbell,delts,Intermediate
dumbbell seated lateral raise v. 2,shoulders,dumbbell,delts,Intermediate
dumbbell seated neutral wrist curl,upper arms,dumbbell,biceps,Intermediate
dumbbell seated one arm bicep curl on exercise ball with leg raised,upper arms,dumbbell,biceps,Intermediate
dumbbell seated one arm kickback,upper arms,dumbbell,triceps,Intermediate
dumbbell seated one arm rotate,lower arms,dumbbell,forearms,Intermediate
dumbbell seated one leg calf raise,lower legs,dumbbell,calves,Intermediate
dumbbell seated one leg calf raise - hammer grip,lower legs,dumbbell,calves,Intermediate
dumbbell seated one leg calf raise - palm up,lower legs,dumbbell,calves,Intermediate
dumbbell seated palms up wrist curl,lower arms,dumbbell,forearms,Intermediate
dumbbell seated preacher curl,upper arms,dumbbell,biceps,Intermediate
dumbbell seated revers grip concentration curl,upper arms,dumbbell,biceps,Intermediate
dumbbell seated reverse grip one arm overhead tricep extension,upper arms,dumbbell,triceps,Intermediate
dumbbell seated shoulder press,shoulders,dumbbell,delts,Intermediate
dumbbell seated shoulder press (parallel grip),shoulders,dumbbell,delts,Intermediate
dumbbell seated triceps extension,upper arms,dumbbell,triceps,Intermediate
dumbbell shrug,back,dumbbell,traps,Intermediate
dumbbell side bend,waist,dumbbell,abs,Intermediate
dumbbell side lying one hand raise,shoulders,dumbbell,delts,Intermediate
dumbbell side plank with rear fly,back,dumbbell,upper back,Intermediate
dumbbell single arm overhead carry,shoulders,dumbbell,delts,Intermediate
dumbbell single leg calf raise,lower legs,dumbbell,calves,Intermediate
dumbbell single leg deadlift,upper legs,dumbbell,glutes,Intermediate
dumbbell single leg deadlift with stepbox support,upper legs,dumbbell,glutes,Intermediate
dumbbell single leg split squat,upper legs,dumbbell,quads,Intermediate
dumbbell single leg squat,upper legs,dumbbell,glutes,Intermediate
dumbbell squat,upper legs,dumbbell,glutes,Intermediate
dumbbell standing alternate hammer curl and press,upper arms,dumbbell,biceps,Intermediate
dumbbell standing alternate overhead press,shoulders,dumbbell,delts,Intermediate
dumbbell standing alternate raise,shoulders,dumbbell,delts,Intermediate
dumbbell standing alternating tricep kickback,upper arms,dumbbell,triceps,Intermediate
dumbbell standing around world,shoulders,dumbbell,delts,Intermediate
dumbbell standing bent over one arm triceps extension,upper arms,dumbbell,triceps,Intermediate
dumbbell standing bent over two arm triceps extension,upper arms,dumbbell,triceps,Intermediate
dumbbell standing biceps curl,upper arms,dumbbell,biceps,Intermediate
dumbbell standing calf raise,lower legs,dumbbell,calves,Intermediate
dumbbell standing concentration curl,upper arms,dumbbell,biceps,Intermediate
dumbbell standing front raise above head,shoulders,dumbbell,delts,Intermediate
dumbbell standing inner biceps curl v. 2,upper arms,dumbbell,biceps,Intermediate
dumbbell standing kickback,upper arms,dumbbell,triceps,Intermediate
dumbbell standing one arm concentration curl,upper arms,dumbbell,biceps,Intermediate
dumbbell standing one arm curl (over incline bench),upper arms,dumbbell,biceps,Intermediate
dumbbell standing one arm curl over incline bench,upper arms,dumbbell,biceps,Intermediate
dumbbell standing one arm extension,upper arms,dumbbell,triceps,Intermediate
dumbbell standing one arm palm in press,shoulders,dumbbell,delts,Intermediate
dumbbell standing one arm reverse curl,upper arms,dumbbell,biceps,Intermediate
dumbbell standing overhead press,shoulders,dumbbell,delts,Intermediate
dumbbell standing palms in press,shoulders,dumbbell,delts,Intermediate
dumbbell standing preacher curl,upper arms,dumbbell,biceps,Intermediate
dumbbell standing reverse curl,upper arms,dumbbell,biceps,Intermediate
dumbbell standing triceps extension,upper arms,dumbbell,triceps,Intermediate
dumbbell standing zottman preacher curl,upper arms,dumbbell,biceps,Intermediate
dumbbell step up single leg balance with bicep curl,upper arms,dumbbell,biceps,Intermediate
dumbbell step-up,upper legs,dumbbell,glutes,Intermediate
dumbbell step-up lunge,upper legs,dumbbell,quads,Intermediate
dumbbell step-up split squat,upper legs,dumbbell,quads,Intermediate
dumbbell stiff leg deadlift,upper legs,dumbbell,glutes,Intermediate
dumbbell straight arm pullover,chest,dumbbell,pectorals,Intermediate
dumbbell straight leg deadlift,upper legs,dumbbell,glutes,Intermediate
dumbbell sumo pull through,upper legs,dumbbell,glutes,Intermediate
dumbbell supported squat,upper legs,dumbbell,quads,Intermediate
dumbbell tate press,upper arms,dumbbell,triceps,Intermediate
dumbbell tricep kickback with stork stance,upper arms,dumbbell,triceps,Intermediate
dumbbell twisting bench press,upper arms,dumbbell,triceps,Intermediate
dumbbell upright row,shoulders,dumbbell,delts,Intermediate
dumbbell upright row (back pov),shoulders,dumbbell,delts,Intermediate
dumbbell upright shoulder external rotation,shoulders,dumbbell,delts,Intermediate
dumbbell waiter biceps curl,upper arms,dumbbell,biceps,Intermediate
dumbbell w-press,shoulders,dumbbell,delts,Intermediate
dumbbell zottman curl,upper arms,dumbbell,biceps,Intermediate
dumbbell zottman preacher curl,upper arms,dumbbell,biceps,Intermediate
dumbbells seated triceps extension,upper arms,dumbbell,triceps,Intermediate
dynamic chest stretch (male),chest,body weight,pectorals,Beginner
elbow dips,upper arms,body weight,triceps,Beginner
elbow lift - reverse push-up,back,body weight,upper back,Beginner
elbow-to-knee,waist,body weight,abs,Beginner
elevator,back,body weight,upper back,Beginner
exercise ball alternating arm ups,back,stability ball,lats,Advanced
exercise ball back extension with arms extended,back,stability ball,spine,Advanced
exercise ball back extension with hands behind head,back,stability ball,spine,Advanced
exercise ball back extension with knees off ground,back,stability ball,spine,Advanced
exercise ball back extension with rotation,back,stability ball,spine,Advanced
exercise ball dip,upper arms,stability ball,triceps,Advanced
exercise ball hip flexor stretch,upper legs,stability ball,glutes,Advanced
exercise ball hug,back,stability ball,spine,Advanced
exercise ball lat stretch,back,stability ball,lats,Advanced
exercise ball lower back stretch (pyramid),back,stability ball,lats,Advanced
exercise ball lying side lat stretch,back,stability ball,lats,Advanced
exercise ball on the wall calf raise,lower legs,dumbbell,calves,Intermediate
exercise ball on the wall calf raise (tennis ball between ankles),lower legs,dumbbell,calves,Intermediate
exercise ball on the wall calf raise (tennis ball between knees),lower legs,dumbbell,calves,Intermediate
exercise ball one leg prone lower body rotation,upper legs,stability ball,glutes,Advanced
exercise ball one legged diagonal kick hamstring curl,upper legs,stability ball,glutes,Advanced
exercise ball pike push up,chest,stability ball,pectorals,Advanced
exercise ball prone leg raise,back,stability ball,spine,Advanced
exercise ball seated hamstring stretch,upper legs,stability ball,hamstrings,Advanced
exercise ball seated triceps stretch,upper arms,stability ball,triceps,Advanced
exercise ball supine triceps extension,upper arms,dumbbell,triceps,Intermediate
ez bar french press on exercise ball,upper arms,ez barbell,triceps,Intermediate
ez bar lying bent arms pullover,back,ez barbell,lats,Intermediate
ez bar lying close grip triceps extension behind head,upper arms,ez barbell,triceps,Intermediate
ez bar reverse grip bent over row,back,ez barbell,upper back,Intermediate
ez bar seated close grip concentration curl,upper arms,ez barbell,biceps,Intermediate
ez bar standing french press,upper arms,ez barbell,triceps,Intermediate
ez barbell anti gravity press,shoulders,ez barbell,delts,Intermediate
ez barbell close grip preacher curl,upper arms,ez barbell,biceps,Intermediate
ez barbell close-grip curl,upper arms,ez barbell,biceps,Intermediate
ez barbell curl,upper arms,ez barbell,biceps,Intermediate
ez barbell decline close grip face press,upper arms,ez barbell,triceps,Intermediate
ez barbell decline triceps extension,upper arms,ez barbell,triceps,Intermediate
ez barbell incline triceps extension,upper arms,ez barbell,triceps,Intermediate
ez barbell jm bench press,upper arms,ez barbell,triceps,Intermediate
ez barbell reverse grip curl,upper arms,ez barbell,biceps,Intermediate
ez barbell reverse grip preacher curl,upper arms,ez barbell,biceps,Intermediate
ez barbell seated curls,upper arms,ez barbell,biceps,Intermediate
ez barbell seated triceps extension,upper arms,ez barbell,triceps,Intermediate
ez barbell spider curl,upper arms,ez barbell,biceps,Intermediate
ez barbell spider curl,upper arms,ez barbell,biceps,Intermediate
ez-bar biceps curl (with arm blaster),upper arms,ez barbell,biceps,Intermediate
ez-bar close-grip bench press,upper arms,ez barbell,triceps,Intermediate
ez-barbell standing wide grip biceps curl,upper arms,ez barbell,biceps,Intermediate
farmers walk,upper legs,dumbbell,quads,Intermediate
finger curls,lower arms,barbell,forearms,Intermediate
flag,waist,body weight,abs,Beginner
flexion leg sit up (bent knee),waist,body weight,abs,Beginner
flexion leg sit up (straight arm),waist,body weight,abs,Beginner
floor fly (with barbell),chest,barbell,pectorals,Intermediate
flutter kicks,upper legs,body weight,glutes,Beginner
forward jump,upper legs,body weight,quads,Beginner
forward lunge (male),upper legs,body weight,glutes,Beginner
frankenstein squat,upper legs,barbell,glutes,Intermediate
frog crunch,waist,body weight,abs,Beginner
frog planche,waist,body weight,abs,Beginner
front lever,waist,body weight,abs,Beginner
front lever reps,back,body weight,upper back,Beginner
front plank with twist,waist,body weight,abs,Beginner
full maltese,waist,body weight,abs,Beginner
full planche,waist,body weight,abs,Beginner
full planche push-up,chest,body weight,pectorals,Beginner
gironda sternum chin,back,body weight,lats,Beginner
glute bridge march,upper legs,body weight,glutes,Beginner
glute bridge two legs on bench (male),upper legs,body weight,glutes,Beginner
glute-ham raise,upper legs,body weight,hamstrings,Beginner
gorilla chin,waist,body weight,abs,Beginner
groin crunch,waist,body weight,abs,Beginner
hack calf raise,lower legs,sled machine,calves,Advanced
hack one leg calf raise,lower legs,sled machine,calves,Advanced
half knee bends (male),cardio,body weight,cardiovascular system,Beginner
half sit-up (male),waist,body weight,abs,Beginner
hamstring stretch,upper legs,body weight,hamstrings,Beginner
hands bike,chest,upper body ergometer,pectorals,Advanced
hands clasped circular toe touch (male),upper legs,body weight,glutes,Beginner
hands reversed clasped circular toe touch (male),upper legs,body weight,glutes,Beginner
handstand,upper arms,body weight,triceps,Beginner
handstand push-up,upper arms,body weight,triceps,Beginner
hanging leg hip raise,waist,body weight,abs,Beginner
hanging leg raise,waist,body weight,abs,Beginner
hanging oblique knee raise,waist,body weight,abs,Beginner
hanging pike,waist,body weight,abs,Beginner
hanging straight leg hip raise,waist,body weight,abs,Beginner
hanging straight leg raise,waist,body weight,abs,Beginner
hanging straight twisting leg hip raise,waist,body weight,abs,Beginner
high knee against wall,cardio,body weight,cardiovascular system,Beginner
hip raise (bent knee),waist,body weight,abs,Beginner
hug keens to chest,upper legs,body weight,glutes,Beginner
hyght dumbbell fly,chest,dumbbell,pectorals,Intermediate
hyperextension,back,body weight,spine,Beginner
hyperextension (on bench),back,body weight,spine,Beginner
impossible dips,upper arms,body weight,triceps,Beginner
inchworm,waist,body weight,abs,Beginner
inchworm v. 2,waist,body weight,abs,Beginner
incline close-grip push-up,upper arms,body weight,triceps,Beginner
incline leg hip raise (leg straight),waist,body weight,abs,Beginner
incline push up depth jump,chest,body weight,pectorals,Beginner
incline push-up,chest,body weight,pectorals,Beginner
incline push-up (on box),chest,body weight,pectorals,Beginner
incline reverse grip push-up,chest,body weight,pectorals,Beginner
incline scapula push up,chest,body weight,serratus anterior,Beginner
incline twisting sit-up,waist,body weight,abs,Beginner
intermediate hip flexor and quad stretch,upper legs,rope,quads,Advanced
inverse leg curl (bench support),upper legs,body weight,hamstrings,Beginner
inverse leg curl (on pull-up cable machine),upper legs,body weight,hamstrings,Beginner
inverted row,back,body weight,upper back,Beginner
inverted row bent knees,back,body weight,upper back,Beginner
inverted row on bench,back,body weight,upper back,Beginner
inverted row v. 2,back,body weight,upper back,Beginner
inverted row with straps,back,body weight,upper back,Beginner
iron cross stretch,upper legs,body weight,glutes,Beginner
isometric chest squeeze,chest,body weight,pectorals,Beginner
isometric wipers,chest,body weight,pectorals,Beginner
jack burpee,cardio,body weight,cardiovascular system,Beginner
jack jump (male),cardio,body weight,cardiovascular system,Beginner
jackknife sit-up,waist,body weight,abs,Beginner
janda sit-up,waist,body weight,abs,Beginner
jump rope,cardio,rope,cardiovascular system,Advanced
jump squat,upper legs,body weight,glutes,Beginner
jump squat v. 2,upper legs,body weight,glutes,Beginner
kettlebell advanced windmill,waist,kettlebell,abs,Advanced
kettlebell alternating hang clean,lower arms,kettlebell,forearms,Advanced
kettlebell alternating press,shoulders,kettlebell,delts,Advanced
kettlebell alternating press on floor,chest,kettlebell,pectorals,Advanced
kettlebell alternating renegade row,back,kettlebell,upper back,Advanced
kettlebell alternating row,back,kettlebell,upper back,Advanced
kettlebell arnold press,shoulders,kettlebell,delts,Advanced
kettlebell bent press,waist,kettlebell,abs,Advanced
kettlebell bottoms up clean from the hang position,upper arms,kettlebell,biceps,Advanced
kettlebell double alternating hang clean,upper arms,kettlebell,biceps,Advanced
kettlebell double jerk,shoulders,kettlebell,delts,Advanced
kettlebell double push press,shoulders,kettlebell,delts,Advanced
kettlebell double snatch,shoulders,kettlebell,delts,Advanced
kettlebell double windmill,waist,kettlebell,abs,Advanced
kettlebell extended range one arm press on floor,chest,kettlebell,pectorals,Advanced
kettlebell figure 8,waist,kettlebell,abs,Advanced
kettlebell front squat,upper legs,kettlebell,glutes,Advanced
kettlebell goblet squat,upper legs,kettlebell,glutes,Advanced
kettlebell hang clean,upper legs,kettlebell,hamstrings,Advanced
kettlebell lunge pass through,upper legs,kettlebell,glutes,Advanced
kettlebell one arm clean and jerk,shoulders,kettlebell,delts,Advanced
kettlebell one arm floor press,chest,kettlebell,pectorals,Advanced
kettlebell one arm jerk,shoulders,kettlebell,delts,Advanced
kettlebell one arm military press to the side,shoulders,kettlebell,delts,Advanced
kettlebell one arm push press,shoulders,kettlebell,delts,Advanced
kettlebell one arm row,back,kettlebell,upper back,Advanced
kettlebell one arm snatch,shoulders,kettlebell,delts,Advanced
kettlebell pirate supper legs,shoulders,kettlebell,delts,Advanced
kettlebell pistol squat,upper legs,kettlebell,glutes,Advanced
kettlebell plyo push-up,chest,kettlebell,pectorals,Advanced
kettlebell seated press,shoulders,kettlebell,delts,Advanced
kettlebell seated two arm military press,shoulders,kettlebell,delts,Advanced
kettlebell seesaw press,shoulders,kettlebell,delts,Advanced
kettlebell sumo high pull,back,kettlebell,traps,Advanced
kettlebell swing,upper legs,kettlebell,glutes,Advanced
kettlebell thruster,shoulders,kettlebell,delts,Advanced
kettlebell turkish get up (squat style),upper legs,kettlebell,glutes,Advanced
kettlebell two arm clean,shoulders,kettlebell,delts,Advanced
kettlebell two arm military press,shoulders,kettlebell,delts,Advanced
kettlebell two arm row,back,kettlebell,upper back,Advanced
kettlebell windmill,waist,kettlebell,abs,Advanced
kick out sit,upper legs,body weight,hamstrings,Beginner
kipping muscle up,back,body weight,lats,Beginner
knee touch crunch,waist,body weight,abs,Beginner
kneeling jump squat,upper legs,barbell,glutes,Intermediate
kneeling lat stretch,back,body weight,lats,Beginner
kneeling plank tap shoulder (male),waist,body weight,abs,Beginner
kneeling push-up (male),chest,body weight,pectorals,Beginner
korean dips,chest,body weight,pectorals,Beginner
l-pull-up,back,body weight,lats,Beginner
l-sit on floor,waist,body weight,abs,Beginner
landmine 180,waist,barbell,abs,Intermediate
landmine lateral raise,shoulders,barbell,delts,Intermediate
lean planche,waist,body weight,abs,Beginner
left hook. boxing,shoulders,body weight,delts,Beginner
leg pull in flat bench,waist,body weight,abs,Beginner
leg up hamstring stretch,upper legs,body weight,hamstrings,Beginner
lever alternate leg press,upper legs,leverage machine,quads,Advanced
lever alternating narrow grip seated row,back,leverage machine,upper back,Advanced
lever assisted chin-up,back,leverage machine,lats,Advanced
lever back extension,back,leverage machine,spine,Advanced
lever bent over row,back,barbell,upper back,Intermediate
lever bent-over row with v-bar,back,leverage machine,upper back,Advanced
lever bicep curl,upper arms,leverage machine,biceps,Advanced
lever calf press,lower legs,leverage machine,calves,Advanced
lever chest press,chest,leverage machine,pectorals,Advanced
lever chest press,chest,leverage machine,pectorals,Advanced
lever deadlift,upper legs,leverage machine,glutes,Advanced
lever decline chest press,chest,leverage machine,pectorals,Advanced
lever donkey calf raise,lower legs,leverage machine,calves,Advanced
lever front pulldown,back,leverage machine,lats,Advanced
lever gripless shrug,back,leverage machine,traps,Advanced
lever gripless shrug v. 2,back,leverage machine,traps,Advanced
lever gripper hands,lower arms,leverage machine,forearms,Advanced
lever hammer grip preacher curl,upper arms,leverage machine,biceps,Advanced
lever high row,back,leverage machine,upper back,Advanced
lever hip extension v. 2,upper legs,leverage machine,glutes,Advanced
lever horizontal one leg press,upper legs,leverage machine,glutes,Advanced
lever incline chest press,chest,leverage machine,pectorals,Advanced
lever incline chest press v. 2,chest,leverage machine,pectorals,Advanced
lever kneeling leg curl,upper legs,leverage machine,hamstrings,Advanced
lever kneeling twist,waist,leverage machine,abs,Advanced
lever lateral raise,shoulders,leverage machine,delts,Advanced
lever leg extension,upper legs,leverage machine,quads,Advanced
lever lying leg curl,upper legs,leverage machine,hamstrings,Advanced
lever lying two-one leg curl,upper legs,leverage machine,hamstrings,Advanced
lever military press,shoulders,leverage machine,delts,Advanced
lever narrow grip seated row,back,leverage machine,upper back,Advanced
lever one arm bent over row,back,barbell,upper back,Intermediate
lever one arm lateral high row,back,leverage machine,upper back,Advanced
lever one arm lateral wide pulldown,back,leverage machine,lats,Advanced
lever one arm shoulder press,shoulders,leverage machine,delts,Advanced
lever overhand triceps dip,upper arms,leverage machine,triceps,Advanced
lever preacher curl,upper arms,leverage machine,biceps,Advanced
lever preacher curl v. 2,upper arms,leverage machine,biceps,Advanced
lever pullover,back,leverage machine,lats,Advanced
lever reverse grip lateral pulldown,back,leverage machine,lats,Advanced
lever reverse grip preacher curl,upper arms,leverage machine,biceps,Advanced
lever reverse grip vertical row,back,leverage machine,upper back,Advanced
lever reverse hyperextension,upper legs,leverage machine,glutes,Advanced
lever reverse t-bar row,back,leverage machine,upper back,Advanced
lever rotary calf,lower legs,leverage machine,calves,Advanced
lever seated calf press,lower legs,leverage machine,calves,Advanced
lever seated calf raise,lower legs,leverage machine,calves,Advanced
lever seated crunch,waist,leverage machine,abs,Advanced
lever seated crunch (chest pad),waist,leverage machine,abs,Advanced
lever seated crunch v. 2,waist,leverage machine,abs,Advanced
lever seated dip,upper arms,leverage machine,triceps,Advanced
lever seated fly,chest,leverage machine,pectorals,Advanced
lever seated good morning,upper legs,leverage machine,glutes,Advanced
lever seated hip abduction,upper legs,leverage machine,abductors,Advanced
lever seated hip adduction,upper legs,leverage machine,adductors,Advanced
lever seated leg curl,upper legs,leverage machine,hamstrings,Advanced
lever seated leg raise crunch,waist,leverage machine,abs,Advanced
lever seated reverse fly,shoulders,leverage machine,delts,Advanced
lever seated reverse fly (parallel grip),shoulders,leverage machine,delts,Advanced
lever seated row,back,leverage machine,upper back,Advanced
lever seated squat calf raise on leg press machine,lower legs,leverage machine,calves,Advanced
lever shoulder press,shoulders,leverage machine,delts,Advanced
lever shoulder press v. 2,shoulders,leverage machine,delts,Advanced
lever shoulder press v. 3,shoulders,leverage machine,delts,Advanced
lever shrug,back,leverage machine,traps,Advanced
lever standing calf raise,lower legs,leverage machine,calves,Advanced
lever standing chest press,chest,leverage machine,pectorals,Advanced
lever t bar row,back,leverage machine,upper back,Advanced
lever t-bar reverse grip row,back,leverage machine,upper back,Advanced
lever triceps extension,upper arms,leverage machine,triceps,Advanced
lever unilateral row,back,leverage machine,upper back,Advanced
london bridge,back,rope,upper back,Advanced
low glute bridge on floor,upper legs,body weight,glutes,Beginner
lower back curl,back,body weight,spine,Beginner
lunge with jump,upper legs,body weight,glutes,Beginner
lunge with twist,waist,body weight,abs,Beginner
lying (side) quads stretch,upper legs,body weight,quads,Beginner
lying elbow to knee,waist,body weight,abs,Beginner
lying leg raise flat bench,waist,body weight,abs,Beginner
lying leg-hip raise,waist,body weight,abs,Beginner
machine inner chest press,chest,leverage machine,pectorals,Advanced
march sit (wall),upper legs,body weight,glutes,Beginner
medicine ball catch and overhead throw,back,medicine ball,lats,Advanced
medicine ball chest pass,chest,medicine ball,pectorals,Advanced
medicine ball chest push from 3 point stance,chest,medicine ball,pectorals,Advanced
medicine ball chest push multiple response,chest,medicine ball,pectorals,Advanced
medicine ball chest push single response,chest,medicine ball,pectorals,Advanced
medicine ball chest push with run release,chest,medicine ball,pectorals,Advanced
medicine ball close grip push up,upper arms,medicine ball,triceps,Advanced
medicine ball overhead slam,back,medicine ball,upper back,Advanced
medicine ball supine chest throw,upper arms,medicine ball,triceps,Advanced
mixed grip chin-up,back,body weight,lats,Beginner
modified hindu push-up (male),chest,body weight,pectorals,Beginner
modified push up to lower arms,lower arms,body weight,forearms,Beginner
monster walk,upper legs,body weight,glutes,Beginner
mountain climber,cardio,body weight,cardiovascular system,Beginner
muscle up,back,body weight,lats,Beginner
muscle-up (on vertical bar),back,body weight,lats,Beginner
narrow push-up on exercise ball,upper arms,stability ball,triceps,Advanced
neck side stretch,neck,body weight,levator scapulae,Beginner
negative crunch,waist,body weight,abs,Beginner
oblique crunch v. 2,waist,body weight,abs,Beginner
oblique crunches floor,waist,body weight,abs,Beginner
olympic barbell hammer curl,upper arms,olympic barbell,biceps,Intermediate
olympic barbell triceps extension,upper arms,olympic barbell,triceps,Intermediate
one arm against wall,back,body weight,lats,Beginner
one arm chin-up,back,body weight,lats,Beginner
one arm dip,upper arms,body weight,triceps,Beginner
one arm slam (with medicine ball),waist,medicine ball,abs,Advanced
one arm towel row,back,body weight,upper back,Beginner
one leg donkey calf raise,lower legs,body weight,calves,Beginner
one leg floor calf raise,lower legs,body weight,calves,Beginner
one leg squat,upper legs,body weight,glutes,Beginner
otis up,waist,weighted,abs,Advanced
outside leg kick push-up,upper legs,body weight,glutes,Beginner
overhead triceps stretch,upper arms,body weight,triceps,Beginner
pelvic tilt,waist,body weight,abs,Beginner
pelvic tilt into bridge,upper legs,body weight,glutes,Beginner
peroneals stretch,lower legs,rope,calves,Advanced
pike-to-cobra push-up,upper legs,body weight,glutes,Beginner
plyo push up,chest,body weight,pectorals,Beginner
posterior step to overhead reach,waist,body weight,abs,Beginner
posterior tibialis stretch,lower legs,rope,calves,Advanced
potty squat,waist,body weight,abs,Beginner
potty squat with support,upper legs,body weight,glutes,Beginner
power clean,upper legs,barbell,hamstrings,Intermediate
power point plank,waist,body weight,abs,Beginner
prisoner half sit-up (male),waist,body weight,abs,Beginner
prone twist on stability ball,waist,stability ball,abs,Advanced
pull up (neutral grip),back,body weight,lats,Beginner
pull-in (on stability ball),waist,stability ball,abs,Advanced
pull-up,back,body weight,lats,Beginner
push and pull bodyweight,chest,body weight,pectorals,Beginner
push to run,cardio,body weight,cardiovascular system,Beginner
push up on bosu ball,chest,bosu ball,pectorals,Advanced
push-up,chest,body weight,pectorals,Beginner
push-up (bosu ball),chest,bosu ball,pectorals,Advanced
push-up (on stability ball),chest,stability ball,pectorals,Advanced
push-up (on stability ball),chest,stability ball,pectorals,Advanced
push-up (wall),chest,body weight,pectorals,Beginner
push-up (wall) v. 2,chest,body weight,pectorals,Beginner
push-up close-grip off dumbbell,upper arms,dumbbell,triceps,Intermediate
push-up inside leg kick,upper legs,body weight,glutes,Beginner
push-up medicine ball,chest,medicine ball,pectorals,Advanced
push-up on lower arms,upper arms,body weight,triceps,Beginner
push-up plus,chest,body weight,pectorals,Beginner
push-up to side plank,waist,body weight,abs,Beginner
quads,upper legs,body weight,quads,Beginner
quarter sit-up,waist,body weight,abs,Beginner
quick feet v. 2,upper legs,body weight,quads,Beginner
raise single arm push-up,chest,body weight,pectorals,Beginner
rear decline bridge,upper legs,body weight,glutes,Beginner
rear deltoid stretch,shoulders,body weight,delts,Beginner
rear pull-up,back,body weight,lats,Beginner
reclining big toe pose with rope,upper legs,rope,hamstrings,Advanced
resistance band hip thrusts on knees (female),upper legs,resistance band,glutes,Advanced
resistance band leg extension,upper legs,resistance band,quads,Advanced
resistance band seated biceps curl,upper arms,resistance band,biceps,Advanced
resistance band seated chest press,chest,resistance band,pectorals,Advanced
resistance band seated hip abduction,upper legs,resistance band,abductors,Advanced
resistance band seated shoulder press,shoulders,resistance band,delts,Advanced
resistance band seated straight back row,back,resistance band,upper back,Advanced
reverse crunch,waist,body weight,abs,Beginner
reverse dip,upper arms,body weight,triceps,Beginner
reverse grip machine lat pulldown,back,leverage machine,lats,Advanced
reverse grip pull-up,back,body weight,lats,Beginner
reverse hyper extension (on stability ball),upper legs,stability ball,glutes,Advanced
reverse hyper on flat bench,upper legs,body weight,glutes,Beginner
reverse plank with leg lift,waist,body weight,abs,Beginner
ring dips,upper arms,body weight,triceps,Beginner
rocking frog stretch,upper legs,body weight,glutes,Beginner
rocky pull-up pulldown,back,body weight,lats,Beginner
roller back stretch,back,roller,spine,Advanced
roller body saw,waist,roller,abs,Advanced
roller hip lat stretch,upper legs,roller,glutes,Advanced
roller hip stretch,upper legs,roller,glutes,Advanced
roller reverse crunch,waist,roller,abs,Advanced
roller seated shoulder flexor depresor retractor,chest,roller,pectorals,Advanced
roller seated single leg shoulder flexor depresor retractor,chest,roller,pectorals,Advanced
roller side lat stretch,back,roller,lats,Advanced
rope climb,back,rope,upper back,Advanced
run,cardio,body weight,cardiovascular system,Beginner
run (equipment),cardio,body weight,cardiovascular system,Beginner
runners stretch,upper legs,body weight,hamstrings,Beginner
russian twist,waist,body weight,abs,Beginner
scapula dips,back,body weight,traps,Beginner
scapula push-up,chest,body weight,serratus anterior,Beginner
scapular pull-up,back,body weight,traps,Beginner
scissor jumps (male),cardio,body weight,cardiovascular system,Beginner
seated calf stretch (male),lower legs,body weight,calves,Beginner
seated glute stretch,upper legs,body weight,glutes,Beginner
seated leg raise,waist,body weight,abs,Beginner
seated lower back stretch,back,body weight,lats,Beginner
seated piriformis stretch,upper legs,body weight,glutes,Beginner
seated side crunch (wall),waist,body weight,abs,Beginner
seated wide angle pose sequence,upper legs,body weight,hamstrings,Beginner
self assisted inverse leg curl,upper legs,body weight,hamstrings,Beginner
self assisted inverse leg curl,upper legs,body weight,hamstrings,Beginner
self assisted inverse leg curl (on floor),upper legs,body weight,hamstrings,Beginner
semi squat jump (male),cardio,body weight,cardiovascular system,Beginner
short stride run,cardio,body weight,cardiovascular system,Beginner
shoulder grip pull-up,back,body weight,lats,Beginner
shoulder tap,waist,body weight,abs,Beginner
shoulder tap push-up,chest,body weight,pectorals,Beginner
side bridge hip abduction,upper legs,body weight,abductors,Beginner
side bridge v. 2,waist,body weight,abs,Beginner
side hip (on parallel bars),waist,body weight,abs,Beginner
side hip abduction,upper legs,body weight,abductors,Beginner
side lying floor stretch,back,body weight,lats,Beginner
side lying hip adduction (male),upper legs,body weight,adductors,Beginner
side plank hip adduction,upper legs,body weight,adductors,Beginner
side push neck stretch,neck,body weight,levator scapulae,Beginner
side push-up,upper arms,body weight,triceps,Beginner
side wrist pull stretch,lower arms,body weight,forearms,Beginner
side-to-side chin,back,body weight,lats,Beginner
side-to-side toe touch (male),waist,body weight,abs,Beginner
single arm push-up,chest,body weight,pectorals,Beginner
single leg bridge with outstretched leg,upper legs,body weight,glutes,Beginner
single leg calf raise (on a dumbbell),lower legs,dumbbell,calves,Intermediate
single leg platform slide,upper legs,body weight,hamstrings,Beginner
single leg squat (pistol) male,upper legs,body weight,glutes,Beginner
sissy squat,upper legs,body weight,quads,Beginner
sit-up v. 2,waist,body weight,abs,Beginner
sit-up with arms on chest,waist,body weight,abs,Beginner
skater hops,cardio,body weight,cardiovascular system,Beginner
ski ergometer,upper arms,skierg machine,triceps,Advanced
ski step,cardio,body weight,cardiovascular system,Beginner
skin the cat,back,body weight,upper back,Beginner
sled 45 degrees one leg press,upper legs,sled machine,glutes,Advanced
sled 45в° calf press,lower legs,sled machine,calves,Advanced
sled 45в° leg press,upper legs,sled machine,glutes,Advanced
sled 45в° leg press (back pov),upper legs,sled machine,glutes,Advanced
sled 45° leg press (side pov),upper legs,sled machine,glutes,Advanced
sled 45в° leg wide press,upper legs,sled machine,glutes,Advanced
sled calf press on leg press,lower legs,sled machine,calves,Advanced
sled closer hack squat,upper legs,sled machine,glutes,Advanced
sled forward angled calf raise,lower legs,sled machine,calves,Advanced
sled hack squat,upper legs,sled machine,glutes,Advanced
sled lying calf press,lower legs,sled machine,calves,Advanced
sled lying squat,upper legs,sled machine,glutes,Advanced
sled one leg calf press on leg press,lower legs,sled machine,calves,Advanced
sledge hammer,waist,hammer,abs,Advanced
smith back shrug,back,smith machine,traps,Advanced
smith behind neck press,shoulders,smith machine,delts,Advanced
smith bench press,chest,smith machine,pectorals,Advanced
smith bent knee good morning,upper legs,smith machine,glutes,Advanced
smith bent over row,back,smith machine,upper back,Advanced
smith chair squat,upper legs,smith machine,quads,Advanced
smith close-grip bench press,upper arms,smith machine,triceps,Advanced
smith deadlift,upper legs,smith machine,glutes,Advanced
smith decline bench press,chest,smith machine,pectorals,Advanced
smith decline reverse-grip press,chest,smith machine,pectorals,Advanced
smith front squat (clean grip),upper legs,smith machine,glutes,Advanced
smith full squat,upper legs,smith machine,glutes,Advanced
smith hack squat,upper legs,smith machine,glutes,Advanced
smith hip raise,waist,smith machine,abs,Advanced
smith incline bench press,chest,smith machine,pectorals,Advanced
smith incline reverse-grip press,chest,smith machine,pectorals,Advanced
smith incline shoulder raises,chest,smith machine,serratus anterior,Advanced
smith leg press,upper legs,smith machine,glutes,Advanced
smith low bar squat,upper legs,smith machine,glutes,Advanced
smith machine bicep curl,upper arms,smith machine,biceps,Advanced
smith machine decline close grip bench press,upper arms,smith machine,triceps,Advanced
smith machine incline tricep extension,upper arms,smith machine,triceps,Advanced
smith machine reverse decline close grip bench press,chest,smith machine,pectorals,Advanced
smith narrow row,back,smith machine,upper back,Advanced
smith one arm row,back,smith machine,upper back,Advanced
smith one leg floor calf raise,lower legs,smith machine,calves,Advanced
smith rear delt row,shoulders,smith machine,delts,Advanced
smith reverse calf raises,lower legs,smith machine,calves,Advanced
smith reverse calf raises,lower legs,smith machine,calves,Advanced
smith reverse grip bent over row,back,smith machine,upper back,Advanced
smith reverse-grip press,chest,smith machine,pectorals,Advanced
smith seated one leg calf raise,lower legs,smith machine,calves,Advanced
smith seated shoulder press,shoulders,smith machine,delts,Advanced
smith seated wrist curl,lower arms,smith machine,forearms,Advanced
smith shoulder press,shoulders,smith machine,delts,Advanced
smith shrug,back,smith machine,traps,Advanced
smith single leg split squat,upper legs,smith machine,quads,Advanced
smith sprint lunge,upper legs,smith machine,glutes,Advanced
smith squat,upper legs,smith machine,glutes,Advanced
smith standing back wrist curl,lower arms,smith machine,forearms,Advanced
smith standing behind head military press,shoulders,smith machine,delts,Advanced
smith standing leg calf raise,lower legs,smith machine,calves,Advanced
smith standing military press,shoulders,smith machine,delts,Advanced
smith sumo squat,upper legs,smith machine,glutes,Advanced
smith toe raise,lower legs,smith machine,calves,Advanced
smith upright row,shoulders,smith machine,delts,Advanced
smith wide grip bench press,chest,smith machine,pectorals,Advanced
smith wide grip decline bench press,chest,smith machine,pectorals,Advanced
snatch pull,upper legs,barbell,quads,Intermediate
spell caster,waist,dumbbell,abs,Intermediate
sphinx,back,body weight,spine,Beginner
spider crawl push up,upper legs,body weight,glutes,Beginner
spine stretch,back,body weight,spine,Beginner
spine twist,waist,body weight,abs,Beginner
split squats,upper legs,body weight,quads,Beginner
squat jerk,upper legs,barbell,quads,Intermediate
squat on bosu ball,upper legs,bosu ball,quads,Advanced
squat to overhead reach,upper legs,body weight,quads,Beginner
squat to overhead reach with twist,upper legs,body weight,quads,Beginner
stability ball crunch (full range hands behind head),waist,stability ball,abs,Advanced
stalder press,upper arms,body weight,triceps,Beginner
standing archer,back,body weight,upper back,Beginner
standing behind neck press,shoulders,barbell,delts,Intermediate
standing calf raise (on a staircase),lower legs,body weight,calves,Beginner
standing calves,lower legs,body weight,calves,Beginner
standing calves calf stretch,lower legs,body weight,calves,Beginner
standing hamstring and calf stretch with strap,upper legs,rope,hamstrings,Advanced
standing lateral stretch,back,body weight,lats,Beginner
standing pelvic tilt,back,body weight,spine,Beginner
standing single leg curl,upper legs,body weight,hamstrings,Beginner
standing wheel rollerout,waist,wheel roller,abs,Advanced
star jump (male),cardio,body weight,cardiovascular system,Beginner
stationary bike run v. 3,cardio,stationary bike,cardiovascular system,Advanced
stationary bike walk,cardio,leverage machine,cardiovascular system,Advanced
straddle maltese,waist,body weight,abs,Beginner
straddle planche,waist,body weight,abs,Beginner
straight leg outer hip abductor,upper legs,body weight,abductors,Beginner
superman push-up,chest,body weight,pectorals,Beginner
suspended abdominal fallout,waist,body weight,abs,Beginner
suspended push-up,chest,body weight,pectorals,Beginner
suspended reverse crunch,waist,body weight,abs,Beginner
suspended row,back,body weight,upper back,Beginner
suspended split squat,upper legs,body weight,quads,Beginner
swimmer kicks v. 2 (male),upper legs,body weight,glutes,Beginner
swing 360,cardio,body weight,cardiovascular system,Beginner
three bench dip,upper arms,body weight,triceps,Beginner
tire flip,upper legs,tire,glutes,Advanced
trap bar deadlift,upper legs,trap bar,glutes,Advanced
triceps dip,upper arms,body weight,triceps,Beginner
triceps dip (bench leg),upper arms,body weight,triceps,Beginner
triceps dip (between benches),upper arms,body weight,triceps,Beginner
triceps dips floor,upper arms,body weight,triceps,Beginner
triceps press,upper arms,body weight,triceps,Beginner
triceps stretch,upper arms,body weight,triceps,Beginner
tuck crunch,waist,body weight,abs,Beginner
twin handle parallel grip lat pulldown,back,cable,lats,Intermediate
twist hip lift,upper legs,body weight,glutes,Beginner
twisted leg raise,waist,body weight,abs,Beginner
twisted leg raise (female),waist,body weight,abs,Beginner
two toe touch (male),back,body weight,spine,Beginner
upper back stretch,back,body weight,upper back,Beginner
upward facing dog,back,body weight,spine,Beginner
v-sit on floor,waist,body weight,abs,Beginner
vertical leg raise (on parallel bars),waist,body weight,abs,Beginner
walk elliptical cross trainer,cardio,elliptical machine,cardiovascular system,Advanced
walking high knees lunge,cardio,body weight,cardiovascular system,Beginner
walking lunge,upper legs,body weight,glutes,Beginner
walking on incline treadmill,cardio,leverage machine,cardiovascular system,Advanced
walking on stepmill,cardio,stepmill machine,cardiovascular system,Advanced
weighted bench dip,upper arms,weighted,triceps,Advanced
weighted close grip chin-up on dip cage,back,weighted,lats,Advanced
weighted cossack squats (male),upper legs,weighted,glutes,Advanced
weighted crunch,waist,weighted,abs,Advanced
weighted decline sit-up,waist,weighted,abs,Advanced
weighted donkey calf raise,lower legs,weighted,calves,Advanced
weighted drop push up,chest,weighted,pectorals,Advanced
weighted front plank,waist,weighted,abs,Advanced
weighted front raise,shoulders,weighted,delts,Advanced
weighted hanging leg-hip raise,waist,weighted,abs,Advanced
weighted hyperextension (on stability ball),back,weighted,spine,Advanced
weighted kneeling step with swing,shoulders,weighted,delts,Advanced
weighted lunge with swing,upper legs,weighted,glutes,Advanced
weighted muscle up,back,weighted,lats,Advanced
weighted muscle up (on bar),back,weighted,lats,Advanced
weighted one hand pull up,back,weighted,lats,Advanced
weighted overhead crunch (on stability ball),waist,weighted,abs,Advanced
weighted pull-up,back,weighted,lats,Advanced
weighted round arm,shoulders,weighted,delts,Advanced
weighted russian twist,waist,weighted,abs,Advanced
weighted russian twist (legs up),waist,weighted,abs,Advanced
weighted russian twist v. 2,waist,weighted,abs,Advanced
weighted seated bicep curl (on stability ball),upper arms,medicine ball,biceps,Advanced
weighted seated twist (on stability ball),waist,weighted,abs,Advanced
weighted side bend (on stability ball),waist,weighted,abs,Advanced
weighted sissy squat,upper legs,weighted,quads,Advanced
weighted squat,upper legs,weighted,glutes,Advanced
weighted standing curl,upper arms,weighted,biceps,Advanced
weighted standing hand squeeze,lower arms,weighted,forearms,Advanced
weighted straight bar dip,chest,weighted,pectorals,Advanced
weighted stretch lunge,upper legs,weighted,glutes,Advanced
weighted svend press,chest,weighted,pectorals,Advanced
weighted three bench dips,upper arms,weighted,triceps,Advanced
weighted tricep dips,upper arms,weighted,triceps,Advanced
weighted triceps dip on high parallel bars,upper arms,weighted,triceps,Advanced
wheel rollerout,waist,wheel roller,abs,Advanced
wheel run,cardio,body weight,cardiovascular system,Beginner
wide grip pull-up,back,body weight,lats,Beginner
wide grip rear pull-up,back,body weight,lats,Beginner
wide hand push up,chest,body weight,pectorals,Beginner
wide-grip chest dip on high parallel bars,chest,body weight,pectorals,Beginner
wind sprints,waist,body weight,abs,Beginner
world greatest stretch,upper legs,body weight,hamstrings,Beginner
wrist circles,lower arms,body weight,forearms,Beginner
wrist rollerer,lower arms,weighted,forearms,Advanced
